<?xml version="1.0"?>
<Grammar xmlns:xsd="http://www.w3.org/2001/XMLSchema" xmlns:xsi="http://www.w3.org/2001/XMLSchema-instance" xsi:type="AssignmentGrammar">
  <name>Celtic Deity Name</name>
  <author>Lance Boudreaux</author>
  <description>Generates Celtic style deity names</description>
  <tags>
    <tag>Name</tag>
    <tag>Deity</tag>
  </tags>
  <parameters />
  <supportsMaxLength>true</supportsMaxLength>
  <items>
    <item name="Start" weight="3">[Ai]</item>
    <item name="Start">[El]</item>
    <item name="Start">[Ep]</item>
    <item name="Start">[Er]</item>
    <item name="Start">[Es]</item>
    <item name="Start">[Ev]</item>
    <item name="Start" weight="5">[Fo]</item>
    <item name="Start">[Ef]</item>
    <item name="Start">[Fa]</item>
    <item name="Start" weight="8">[Fi]</item>
    <item name="Start">[Fr]</item>
    <item name="Start">[Fu]</item>
    <item name="Start" weight="2">[Go]</item>
    <item name="Start" weight="2">[Gr]</item>
    <item name="Start" weight="5">[Gw]</item>
    <item name="Start" weight="3">[Fe]</item>
    <item name="Start" weight="2">[Dy]</item>
    <item name="Start">[Du]</item>
    <item name="Start" weight="2">[Do]</item>
    <item name="Start" weight="8">[Ba]</item>
    <item name="Start" weight="10">[Be]</item>
    <item name="Start">[Bi]</item>
    <item name="Start" weight="3">[Bl]</item>
    <item name="Start" weight="9">[Bo]</item>
    <item name="Start" weight="7">[Br]</item>
    <item name="Start" weight="12">[Ca]</item>
    <item name="Start" weight="3">[Cu]</item>
    <item name="Start" weight="5">[Ce]</item>
    <item name="Start" weight="2">[Ci]</item>
    <item name="Start" weight="6">[Cl]</item>
    <item name="Start" weight="3">[Cr]</item>
    <item name="Start" weight="4">[Da]</item>
    <item name="Start" weight="2">[De]</item>
    <item name="Start" weight="2">[Di]</item>
    <item name="Start">[He]</item>
    <item name="Start">[Bu]</item>
    <item name="Start">[Ic]</item>
    <item name="Start">[Ir]</item>
    <item name="Start">[Rh]</item>
    <item name="Start">[Ro]</item>
    <item name="Start">[Ru]</item>
    <item name="Start" weight="2">[Sa]</item>
    <item name="Start">[Se]</item>
    <item name="Start">[Sh]</item>
    <item name="Start">[Pw]</item>
    <item name="Start">[Si]</item>
    <item name="Start" weight="3">[Ta]</item>
    <item name="Start" weight="2">[Te]</item>
    <item name="Start">[Tu]</item>
    <item name="Start">[Tw]</item>
    <item name="Start">[Wo]</item>
    <item name="Start">[Xu]</item>
    <item name="Start" weight="3">[Su]</item>
    <item name="Start">[Pr]</item>
    <item name="Start">[Os]</item>
    <item name="Start">[Oi]</item>
    <item name="Start">[Le]</item>
    <item name="Start">[Li]</item>
    <item name="Start" weight="4">[Ll]</item>
    <item name="Start" weight="3">[Lu]</item>
    <item name="Start" weight="13">[Ma]</item>
    <item name="Start" weight="2">[Me]</item>
    <item name="Start" weight="4">[Mi]</item>
    <item name="Start" weight="5">[Mo]</item>
    <item name="Start" weight="3">[Na]</item>
    <item name="Start" weight="3">[Ne]</item>
    <item name="Start">[Ni]</item>
    <item name="Start">[No]</item>
    <item name="Start" weight="3">[Nu]</item>
    <item name="Start">[Oe]</item>
    <item name="Start" weight="5">[Og]</item>
    <item name="Start">[Il]</item>
    <item name="Start">[Ay]</item>
    <item name="Start">[Eo]</item>
    <item name="Start" weight="9">[Ar]</item>
    <item name="Start">[Ae]</item>
    <item name="Start" weight="6">[An]</item>
    <item name="Start" weight="4">[Et]</item>
    <item name="Start" weight="2">[Ab]</item>
    <item name="Start">[Ei]</item>
    <item name="Start" weight="2">[Am]</item>
    <item name="Start">[Ac]</item>
    <item name="Start">[Ao]</item>
    <item name=" B" next="ac"> B</item>
    <item name=" C" weight="2" next="ru"> C</item>
    <item name=" C" next="hu"> C</item>
    <item name=" C" next="ec"> C</item>
    <item name=" D" next="ub"> D</item>
    <item name=" D" next="oi"> D</item>
    <item name=" D" next="ea"> D</item>
    <item name=" D" next="e "> D</item>
    <item name=" D" weight="2" next="er"> D</item>
    <item name=" I" next="bo"> I</item>
    <item name=" L" next="la"> L</item>
    <item name=" L" next="ir"> L</item>
    <item name=" M" next="cc"> M</item>
    <item name=" M" weight="4" next="ac"> M</item>
    <item name=" N" next="a "> N</item>
    <item name=" N" next="ig"> N</item>
    <item name=" R" next="ed"> R</item>
    <item name=" t" next="he"> t</item>
    <item name="a " next="Ar">a </item>
    <item name="a " weight="18">a </item>
    <item name="a " next="Gi">a </item>
    <item name="Ab" next="an">Ab</item>
    <item name="Ab" next="re">Ab</item>
    <item name="ac" next="li">ac</item>
    <item name="ac" weight="2" next="co">ac</item>
    <item name="ac" weight="6" next="h ">ac</item>
    <item name="ac" next=" L">ac</item>
    <item name="Ac" next="hr">Ac</item>
    <item name="ad" weight="2" next="a ">ad</item>
    <item name="ad" next="ru">ad</item>
    <item name="ad" next="an">ad</item>
    <item name="ae" next="th">ae</item>
    <item name="Ae" next="ng">Ae</item>
    <item name="ai" weight="2" next="n ">ai</item>
    <item name="ai" next="ll">ai</item>
    <item name="ai" weight="2" next="r ">ai</item>
    <item name="ai" next="ru">ai</item>
    <item name="ai" weight="2" next="nn">ai</item>
    <item name="ai" next="d ">ai</item>
    <item name="ai" next="ch">ai</item>
    <item name="Ai" next="rm">Ai</item>
    <item name="Ai" weight="2" next="ne">Ai</item>
    <item name="am" weight="2" next="h ">am</item>
    <item name="am">am</item>
    <item name="am" next="na">am</item>
    <item name="Am" next="at">Am</item>
    <item name="Am" next="ae">Am</item>
    <item name="an" weight="2" next="n ">an</item>
    <item name="an" next="we">an</item>
    <item name="an" next=" C">an</item>
    <item name="an" next="an">an</item>
    <item name="an" weight="2" next=" M">an</item>
    <item name="an" next="di">an</item>
    <item name="an" weight="8">an</item>
    <item name="an" next="us">an</item>
    <item name="an" next=" N">an</item>
    <item name="an" next="nu">an</item>
    <item name="an" next="no">an</item>
    <item name="an" next="rh">an</item>
    <item name="An" next="oc">An</item>
    <item name="An" weight="2" next="nw">An</item>
    <item name="An" next="u ">An</item>
    <item name="An" next="a ">An</item>
    <item name="An" next="te">An</item>
    <item name="ao" next="ch">ao</item>
    <item name="Ao" next="ng">Ao</item>
    <item name="ar" next="a ">ar</item>
    <item name="ar" next="g ">ar</item>
    <item name="ar" next=" D">ar</item>
    <item name="Ar" next="aw">Ar</item>
    <item name="Ar" next="ga">Ar</item>
    <item name="Ar" next="an">Ar</item>
    <item name="Ar" next="ti">Ar</item>
    <item name="Ar" next="ge">Ar</item>
    <item name="Ar" next="io">Ar</item>
    <item name="Ar" next="th">Ar</item>
    <item name="Ar" next="ne">Ar</item>
    <item name="Ar" weight="2" next="ia">Ar</item>
    <item name="at" next="is">at</item>
    <item name="at" weight="2" next="uc">at</item>
    <item name="at" weight="3" next="ha">at</item>
    <item name="aw" next="n ">aw</item>
    <item name="Ay" next="we">Ay</item>
    <item name="b " next="De">b </item>
    <item name="Ba" next="nb">Ba</item>
    <item name="Ba" next="ch">Ba</item>
    <item name="Ba" weight="3" next="la">Ba</item>
    <item name="Ba" weight="2" next="db">Ba</item>
    <item name="Ba" next="lo">Ba</item>
    <item name="Ba" next="li">Ba</item>
    <item name="Be" next="rr">Be</item>
    <item name="Be" next="an">Be</item>
    <item name="Be" weight="2" next="na">Be</item>
    <item name="Be" next="ar">Be</item>
    <item name="Be" weight="3" next="li">Be</item>
    <item name="Be" weight="3" next="la">Be</item>
    <item name="Be" next="le">Be</item>
    <item name="bh" weight="2">bh</item>
    <item name="bh" next="ai">bh</item>
    <item name="Bh" next="eu">Bh</item>
    <item name="Bi" next="le">Bi</item>
    <item name="Bl" next="od">Bl</item>
    <item name="Bl" weight="2" next="at">Bl</item>
    <item name="bo" next="n ">bo</item>
    <item name="bo" next="rm">bo</item>
    <item name="Bo" weight="2" next="rm">Bo</item>
    <item name="Bo" next="rv">Bo</item>
    <item name="Bo" next="ve">Bo</item>
    <item name="Bo" weight="3" next="db">Bo</item>
    <item name="Bo" next="an">Bo</item>
    <item name="Bo" next="dh">Bo</item>
    <item name="Br" weight="2" next="ig">Br</item>
    <item name="Br" next="es">Br</item>
    <item name="Br" weight="2" next="an">Br</item>
    <item name="Br" weight="2" next="ia">Br</item>
    <item name="Bu" next="an">Bu</item>
    <item name="c " weight="2" next="Ce">c </item>
    <item name="c " next="Og">c </item>
    <item name="c " next="Cu">c </item>
    <item name="ca" weight="3" next="ur">ca</item>
    <item name="ca" weight="3" next="dr">ca</item>
    <item name="ca" next="ir">ca</item>
    <item name="Ca" next="rl">Ca</item>
    <item name="Ca" weight="2" next="ll">Ca</item>
    <item name="Ca" weight="2" next="er">Ca</item>
    <item name="Ca" weight="2" next="mu">Ca</item>
    <item name="Ca" weight="5" next="il">Ca</item>
    <item name="cc" next="oo">cc</item>
    <item name="cc" next="el">cc</item>
    <item name="ce" weight="2" next="ll">ce</item>
    <item name="Ce" next="ch">Ce</item>
    <item name="Ce" next="ht">Ce</item>
    <item name="Ce" next="rr">Ce</item>
    <item name="Ce" next="ri">Ce</item>
    <item name="Ce" weight="2" next="rn">Ce</item>
    <item name="Ce" next="nn">Ce</item>
    <item name="ch" weight="2" next="ul">ch</item>
    <item name="ch" next="ti">ch</item>
    <item name="ch" next="ta">ch</item>
    <item name="ch" next="t ">ch</item>
    <item name="ch" weight="7">ch</item>
    <item name="ch" next="a ">ch</item>
    <item name="ch" next="ai">ch</item>
    <item name="ci" next="ti">ci</item>
    <item name="Ci" next="an">Ci</item>
    <item name="Ci" next="gf">Ci</item>
    <item name="Cl" weight="2" next="io">Cl</item>
    <item name="Cl" next="ot">Cl</item>
    <item name="Cl" next="ee">Cl</item>
    <item name="Cl" next="ud">Cl</item>
    <item name="Cl" next="id">Cl</item>
    <item name="co" next="ol">co</item>
    <item name="co" next="ul">co</item>
    <item name="Cr" weight="3" next="om">Cr</item>
    <item name="Cr" next="ua">Cr</item>
    <item name="cu" next="s ">cu</item>
    <item name="Cu" next=" C">Cu</item>
    <item name="Cu" weight="2" next="ch">Cu</item>
    <item name="Cu" next="mh">Cu</item>
    <item name="d " weight="4">d </item>
    <item name="d " next="Fo">d </item>
    <item name="d " next="Ol">d </item>
    <item name="da" next="na">da</item>
    <item name="da" next="n ">da</item>
    <item name="Da" next="nu">Da</item>
    <item name="Da" weight="2" next="na">Da</item>
    <item name="Da" weight="2" next="gd">Da</item>
    <item name="db" weight="2" next=" D">db</item>
    <item name="db" weight="3">db</item>
    <item name="db" next="h ">db</item>
    <item name="db" next=" t">db</item>
    <item name="dd">dd</item>
    <item name="de" next="ns">de</item>
    <item name="De" next="ar">De</item>
    <item name="De" next="ch">De</item>
    <item name="De" next="wi">De</item>
    <item name="dh" next="bh">dh</item>
    <item name="dh" next="b ">dh</item>
    <item name="dh">dh</item>
    <item name="dh" next="na">dh</item>
    <item name="di" next="nu">di</item>
    <item name="di" next="on">di</item>
    <item name="di" next="r ">di</item>
    <item name="Di" next="an">Di</item>
    <item name="Di" next="ro">Di</item>
    <item name="do" next="nn">do</item>
    <item name="Do" next="n ">Do</item>
    <item name="Do" next="ir">Do</item>
    <item name="Do" next="nn">Do</item>
    <item name="dr" next="os">dr</item>
    <item name="dr" weight="2" next="us">dr</item>
    <item name="Du" next="bh">Du</item>
    <item name="dw" weight="2" next="en">dw</item>
    <item name="Dy" weight="2" next="la">Dy</item>
    <item name="e " weight="4">e </item>
    <item name="e " next="Da">e </item>
    <item name="ea" next="rg">ea</item>
    <item name="ec" next="ht">ec</item>
    <item name="ec" next="h ">ec</item>
    <item name="ed" next="d ">ed</item>
    <item name="ed">ed</item>
    <item name="ee" next="na">ee</item>
    <item name="ee" next="la">ee</item>
    <item name="Ef" next="ni">Ef</item>
    <item name="ei" next="th">ei</item>
    <item name="Ei" next="re">Ei</item>
    <item name="Ei" next="l ">Ei</item>
    <item name="el">el</item>
    <item name="el" next="la">el</item>
    <item name="el" next="lo">el</item>
    <item name="El" next="at">El</item>
    <item name="en" weight="4">en</item>
    <item name="en" next=" B">en</item>
    <item name="Eo" next="ch">Eo</item>
    <item name="Ep" next="on">Ep</item>
    <item name="er" next=" I">er</item>
    <item name="er" next="ta">er</item>
    <item name="er" weight="2" next="g ">er</item>
    <item name="er" next="i ">er</item>
    <item name="er" weight="2">er</item>
    <item name="Er" next="iu">Er</item>
    <item name="es" weight="2">es</item>
    <item name="es" next="in">es</item>
    <item name="Es" next="us">Es</item>
    <item name="Et" next="hl">Et</item>
    <item name="Et" weight="2" next="ai">Et</item>
    <item name="Et" next="he">Et</item>
    <item name="eu">eu</item>
    <item name="eu" next="ed">eu</item>
    <item name="eu" next=" L">eu</item>
    <item name="eu" next="r ">eu</item>
    <item name="ev" next="e ">ev</item>
    <item name="Ev" next="ni">Ev</item>
    <item name="Fa" next="nd">Fa</item>
    <item name="Fe" next="r ">Fe</item>
    <item name="Fe" next="ar">Fe</item>
    <item name="Fe" next="a ">Fe</item>
    <item name="ff" next="es">ff</item>
    <item name="Fi" next="nt">Fi</item>
    <item name="Fi" next="ne">Fi</item>
    <item name="Fi" weight="3" next="nn">Fi</item>
    <item name="Fi" next="rb">Fi</item>
    <item name="Fi" next="on">Fi</item>
    <item name="Fi" next="nd">Fi</item>
    <item name="fn">fn</item>
    <item name="Fo" weight="2" next="tl">Fo</item>
    <item name="Fo" next="el">Fo</item>
    <item name="Fo" next="rm">Fo</item>
    <item name="Fo" weight="2" next="mo">Fo</item>
    <item name="Fr" next="ao">Fr</item>
    <item name="Fu" next="am">Fu</item>
    <item name="g " weight="6">g </item>
    <item name="ga">ga</item>
    <item name="ga" next="tl">ga</item>
    <item name="ga" next="n ">ga</item>
    <item name="ga" next="s ">ga</item>
    <item name="ga" next="gu">ga</item>
    <item name="gd" next="a ">gd</item>
    <item name="gd" next="ha">gd</item>
    <item name="ge" next="tl">ge</item>
    <item name="gf" next="a ">gf</item>
    <item name="gh">gh</item>
    <item name="gi" next="d ">gi</item>
    <item name="Gi" next="g ">Gi</item>
    <item name="Go" weight="2" next="ib">Go</item>
    <item name="Gr" weight="2" next="an">Gr</item>
    <item name="gu" weight="2" next="s ">gu</item>
    <item name="Gw" weight="2" next="yd">Gw</item>
    <item name="Gw" next="ri">Gw</item>
    <item name="Gw" next="io">Gw</item>
    <item name="Gw" next="en">Gw</item>
    <item name="Gy" next="ff">Gy</item>
    <item name="h " weight="11">h </item>
    <item name="h " next="Tr">h </item>
    <item name="h " next="Bh">h </item>
    <item name="h " next="Be">h </item>
    <item name="ha" next="n ">ha</item>
    <item name="ha" next="on">ha</item>
    <item name="ha" weight="2">ha</item>
    <item name="ha" next=" D">ha</item>
    <item name="he" next=" R">he</item>
    <item name="he" weight="2">he</item>
    <item name="he" next="li">he</item>
    <item name="He" next="rn">He</item>
    <item name="hl" next="in">hl</item>
    <item name="hm" next="a ">hm</item>
    <item name="hn" next="iu">hn</item>
    <item name="ho" next="d ">ho</item>
    <item name="hr" next="en">hr</item>
    <item name="ht" weight="2">ht</item>
    <item name="hu" weight="3" next="s ">hu</item>
    <item name="hu" next="la">hu</item>
    <item name="i " weight="2">i </item>
    <item name="ia" weight="2" next="nr">ia</item>
    <item name="ia" next="nn">ia</item>
    <item name="ia" next="ns">ia</item>
    <item name="ia" next="e ">ia</item>
    <item name="ia" weight="2" next="n ">ia</item>
    <item name="ib" next="ni">ib</item>
    <item name="ib" next="hn">ib</item>
    <item name="ic" next="us">ic</item>
    <item name="ic" next="h ">ic</item>
    <item name="Ic" next="ov">Ic</item>
    <item name="id" next="wy">id</item>
    <item name="id" next="na">id</item>
    <item name="id" weight="2">id</item>
    <item name="ig" next="ia">ig</item>
    <item name="ig" next="ha">ig</item>
    <item name="ig" next="na">ig</item>
    <item name="ig" next="he">ig</item>
    <item name="ig" next="id">ig</item>
    <item name="ig" next="an">ig</item>
    <item name="ig" next="it">ig</item>
    <item name="ig" next="u ">ig</item>
    <item name="il" next="li">il</item>
    <item name="il" weight="4" next="le">il</item>
    <item name="il" next="tu">il</item>
    <item name="Il" next="da">Il</item>
    <item name="in" weight="2" next="n ">in</item>
    <item name="in" weight="3">in</item>
    <item name="io" next="na">io</item>
    <item name="io" next="dh">io</item>
    <item name="io" weight="2" next="n ">io</item>
    <item name="io" next="nr">io</item>
    <item name="ir" next="ic">ir</item>
    <item name="ir" next="e ">ir</item>
    <item name="ir">ir</item>
    <item name="ir" next="us">ir</item>
    <item name="Ir" next="us">Ir</item>
    <item name="is">is</item>
    <item name="it" next="ic">it</item>
    <item name="it">it</item>
    <item name="iu" weight="2">iu</item>
    <item name="l " weight="3">l </item>
    <item name="l " next="To">l </item>
    <item name="la" weight="3" next="n ">la</item>
    <item name="la" next="un">la</item>
    <item name="la" next=" N">la</item>
    <item name="la" next="in">la</item>
    <item name="la" next="w ">la</item>
    <item name="la" weight="4" next="tu">la</item>
    <item name="la" next="ti">la</item>
    <item name="la" next="to">la</item>
    <item name="la" next="th">la</item>
    <item name="le" next="ch">le</item>
    <item name="le" weight="3" next="ac">le</item>
    <item name="le" next="si">le</item>
    <item name="le" next="nu">le</item>
    <item name="le" weight="2">le</item>
    <item name="Le" next="r ">Le</item>
    <item name="li" next="r ">li</item>
    <item name="li" next="ac">li</item>
    <item name="li" next="sa">li</item>
    <item name="li">li</item>
    <item name="li" next="es">li</item>
    <item name="li" next="ne">li</item>
    <item name="li" weight="2" next="ti">li</item>
    <item name="Li" next="r ">Li</item>
    <item name="ll" next="y ">ll</item>
    <item name="ll" weight="2">ll</item>
    <item name="ll" next="os">ll</item>
    <item name="ll" next="ec">ll</item>
    <item name="ll" next="us">ll</item>
    <item name="Ll" next="yr">Ll</item>
    <item name="Ll" weight="2" next="eu">Ll</item>
    <item name="Ll" next="wy">Ll</item>
    <item name="lo" next="r ">lo</item>
    <item name="lo" weight="2" next="s ">lo</item>
    <item name="ls" next="ig">ls</item>
    <item name="lt" next="a ">lt</item>
    <item name="lu" next="s ">lu</item>
    <item name="Lu" next="g ">Lu</item>
    <item name="Lu" next="gu">Lu</item>
    <item name="Lu" next="gh">Lu</item>
    <item name="m " next="Cr">m </item>
    <item name="ma" next="in">ma</item>
    <item name="ma" weight="2">ma</item>
    <item name="Ma" next="th">Ma</item>
    <item name="Ma" next="ev">Ma</item>
    <item name="Ma" next="ga">Ma</item>
    <item name="Ma" weight="3" next="na">Ma</item>
    <item name="Ma" next="tu">Ma</item>
    <item name="Ma" next="ch">Ma</item>
    <item name="Ma" next="bo">Ma</item>
    <item name="Ma" weight="4" next="c ">Ma</item>
    <item name="Ma" next="po">Ma</item>
    <item name="me" next="ti">me</item>
    <item name="Me" next="db">Me</item>
    <item name="Me" next="rl">Me</item>
    <item name="mg" next="la">mg</item>
    <item name="mh" next="ai">mh</item>
    <item name="mi" next="us">mi</item>
    <item name="mi" next="os">mi</item>
    <item name="mi" next="ou">mi</item>
    <item name="Mi" next="di">Mi</item>
    <item name="Mi" next="l ">Mi</item>
    <item name="Mi" weight="2" next="le">Mi</item>
    <item name="mo" next="ir">mo</item>
    <item name="mo" next="ri">mo</item>
    <item name="Mo" weight="4" next="rr">Mo</item>
    <item name="Mo" next="ng">Mo</item>
    <item name="mu" next="lo">mu</item>
    <item name="mu" next="lu">mu</item>
    <item name="n " next="Ei">n </item>
    <item name="n " next="Ma">n </item>
    <item name="n " weight="24">n </item>
    <item name="n " next="Ba">n </item>
    <item name="na" weight="3" next="nn">na</item>
    <item name="na" next="dh">na</item>
    <item name="na" next="wy">na</item>
    <item name="na" next="do">na</item>
    <item name="na" next="nd">na</item>
    <item name="na" weight="2" next="ch">na</item>
    <item name="na" weight="7">na</item>
    <item name="Na" weight="3" next="nt">Na</item>
    <item name="nb" next="a ">nb</item>
    <item name="nd" next="bh">nd</item>
    <item name="nd" next="on">nd</item>
    <item name="nd">nd</item>
    <item name="ne" next="r ">ne</item>
    <item name="ne" weight="3">ne</item>
    <item name="ne" next="me">ne</item>
    <item name="ne" next="ga">ne</item>
    <item name="Ne" next="mg">Ne</item>
    <item name="Ne" next="ma">Ne</item>
    <item name="Ne" next="ch">Ne</item>
    <item name="ng" next="an">ng</item>
    <item name="ng" weight="3" next="hu">ng</item>
    <item name="ni" next="ss">ni</item>
    <item name="ni" next="s ">ni</item>
    <item name="ni" next="si">ni</item>
    <item name="ni" next="u ">ni</item>
    <item name="Ni" next="am">Ni</item>
    <item name="nn" weight="3" next=" M">nn</item>
    <item name="nn" next="on">nn</item>
    <item name="nn" next=" C">nn</item>
    <item name="nn" weight="2" next="an">nn</item>
    <item name="nn" weight="4">nn</item>
    <item name="nn" next="er">nn</item>
    <item name="no" next="ci">no</item>
    <item name="no" weight="3" next="s ">no</item>
    <item name="No" next="de">No</item>
    <item name="nr" weight="2" next="od">nr</item>
    <item name="nr" next="ho">nr</item>
    <item name="ns" weight="2">ns</item>
    <item name="nt" next="a ">nt</item>
    <item name="nt" weight="3" next="os">nt</item>
    <item name="nt" next="an">nt</item>
    <item name="nu">nu</item>
    <item name="nu" weight="5" next="s ">nu</item>
    <item name="Nu" weight="2" next="ad">Nu</item>
    <item name="Nu" next="dd">Nu</item>
    <item name="nw" next="fn">nw</item>
    <item name="nw" next="n ">nw</item>
    <item name="o " weight="3">o </item>
    <item name="oc" next="it">oc</item>
    <item name="od" weight="3">od</item>
    <item name="od" next="eu">od</item>
    <item name="Oe" next="ng">Oe</item>
    <item name="Og">Og</item>
    <item name="Og" weight="3" next="mi">Og</item>
    <item name="Og" next="hm">Og</item>
    <item name="Og" next="ma">Og</item>
    <item name="oi" next="rc">oi</item>
    <item name="Oi" next="si">Oi</item>
    <item name="ol" next="g ">ol</item>
    <item name="ol">ol</item>
    <item name="Ol" next="la">Ol</item>
    <item name="om" next="m ">om</item>
    <item name="om" next=" C">om</item>
    <item name="om" next=" D">om</item>
    <item name="on" weight="4">on</item>
    <item name="on" next="a ">on</item>
    <item name="on" next="ne">on</item>
    <item name="on" next="n ">on</item>
    <item name="oo" next="l ">oo</item>
    <item name="or" next="ia">or</item>
    <item name="os" weight="2" next="ue">os</item>
    <item name="os" weight="3">os</item>
    <item name="os" next="ve">os</item>
    <item name="Os" next="si">Os</item>
    <item name="ot" next="a ">ot</item>
    <item name="ou" next="s ">ou</item>
    <item name="ov" next="el">ov</item>
    <item name="po" next="no">po</item>
    <item name="Pr" next="yd">Pr</item>
    <item name="Pw" next="yl">Pw</item>
    <item name="r " weight="9">r </item>
    <item name="r " next="Do">r </item>
    <item name="ra" next="ni">ra</item>
    <item name="rb" next="ol">rb</item>
    <item name="rc" next="h ">rc</item>
    <item name="rc" next="he">rc</item>
    <item name="re" weight="2">re</item>
    <item name="re" next="d ">re</item>
    <item name="rg">rg</item>
    <item name="rh" next="od">rh</item>
    <item name="Rh" next="ia">Rh</item>
    <item name="ri" next="dw">ri</item>
    <item name="ri">ri</item>
    <item name="ri" next="i ">ri</item>
    <item name="rl" next="dw">rl</item>
    <item name="rl" next="in">rl</item>
    <item name="rm" next="or">rm</item>
    <item name="rm" next="ei">rm</item>
    <item name="rm" next="id">rm</item>
    <item name="rm" next="an">rm</item>
    <item name="rm" next="o ">rm</item>
    <item name="rn" weight="2" next="un">rn</item>
    <item name="rn" next="e ">rn</item>
    <item name="ro" weight="2" next="na">ro</item>
    <item name="Ro" next="sm">Ro</item>
    <item name="rr" next="y ">rr</item>
    <item name="rr" next="id">rr</item>
    <item name="rr" weight="4" next="ig">rr</item>
    <item name="ru" weight="2" next="s ">ru</item>
    <item name="ru" next="ac">ru</item>
    <item name="ru" next="ai">ru</item>
    <item name="Ru" next="ad">Ru</item>
    <item name="rv" next="o ">rv</item>
    <item name="s " weight="22">s </item>
    <item name="sa" next="ma">sa</item>
    <item name="Sa" next="db">Sa</item>
    <item name="Sa" next="dh">Sa</item>
    <item name="Se" next="ta">Se</item>
    <item name="Sh" next="ee">Sh</item>
    <item name="si" next="en">si</item>
    <item name="si" next="an">si</item>
    <item name="si" next="us">si</item>
    <item name="si" next="n ">si</item>
    <item name="Si" next="ro">Si</item>
    <item name="sm" next="er">sm</item>
    <item name="ss" next="ye">ss</item>
    <item name="Su" weight="2" next="ce">Su</item>
    <item name="Su" next="cc">Su</item>
    <item name="t ">t </item>
    <item name="ta" next="nt">ta</item>
    <item name="ta" weight="2">ta</item>
    <item name="ta" next="n ">ta</item>
    <item name="Ta" next="ra">Ta</item>
    <item name="Ta" next="li">Ta</item>
    <item name="Ta" next="il">Ta</item>
    <item name="te" next="no">te</item>
    <item name="Te" next="ut">Te</item>
    <item name="Te" next="gi">Te</item>
    <item name="th" next="on">th</item>
    <item name="th" weight="2">th</item>
    <item name="th" next="ur">th</item>
    <item name="th" next="ai">th</item>
    <item name="ti" next="cu">ti</item>
    <item name="ti" weight="3" next="ca">ti</item>
    <item name="ti" next="o ">ti</item>
    <item name="ti" next="a ">ti</item>
    <item name="ti" next="re">ti</item>
    <item name="tl" weight="2" next="am">tl</item>
    <item name="tl" weight="2" next="a ">tl</item>
    <item name="to" next="ca">to</item>
    <item name="To" next="n ">To</item>
    <item name="Tr" next="yt">Tr</item>
    <item name="tt" next="a ">tt</item>
    <item name="tu" weight="3" next="ca">tu</item>
    <item name="tu" next="nu">tu</item>
    <item name="tu" next="ga">tu</item>
    <item name="tu">tu</item>
    <item name="Tu" next="at">Tu</item>
    <item name="Tw" next="rc">Tw</item>
    <item name="u " weight="3">u </item>
    <item name="ua" next="ch">ua</item>
    <item name="ub" next="h ">ub</item>
    <item name="uc" next="ad">uc</item>
    <item name="uc" next="ai">uc</item>
    <item name="ud">ud</item>
    <item name="ue" next="ta">ue</item>
    <item name="ue" next="tt">ue</item>
    <item name="ul" weight="2" next="ai">ul</item>
    <item name="ul">ul</item>
    <item name="un" next="no">un</item>
    <item name="un" next="a ">un</item>
    <item name="un" next="nu">un</item>
    <item name="ur" weight="3" next="us">ur</item>
    <item name="ur">ur</item>
    <item name="us" next="an">us</item>
    <item name="us" weight="12">us</item>
    <item name="ut" next="at">ut</item>
    <item name="ve" next="lt">ve</item>
    <item name="ve" next=" D">ve</item>
    <item name="w " next="Gy">w </item>
    <item name="we" next="n ">we</item>
    <item name="we" next="ll">we</item>
    <item name="wi">wi</item>
    <item name="Wo" next="ga">Wo</item>
    <item name="wy" next="n ">wy</item>
    <item name="wy" next="d ">wy</item>
    <item name="wy" next="da">wy</item>
    <item name="Xu" next="ls">Xu</item>
    <item name="y ">y </item>
    <item name="y " next="Be">y </item>
    <item name="yd" next="io">yd</item>
    <item name="yd" next="er">yd</item>
    <item name="yd" next="di">yd</item>
    <item name="ye" next="n ">ye</item>
    <item name="yl" next="l ">yl</item>
    <item name="yr">yr</item>
    <item name="yt" next="h ">yt</item>
  </items>
  <imports />
</Grammar>