<?xml version="1.0"?>
<Grammar xmlns:xsi="http://www.w3.org/2001/XMLSchema-instance" 
		 xmlns:xsd="http://www.w3.org/2001/XMLSchema" 
		 xsi:type="AssignmentGrammar">
	<name>Deities</name>
	<author>Lance Boudreaux</author>
	<description>Generates a deity name and domains</description>
	<tags>
		<tag>Name</tag>
		<tag>Deity</tag>
	</tags>
	<parameters>
		<parameter name="Name" display="Name Type" type="List">
			<option display="Any">AnyName</option>
			<option display="Aztec">AztecDeity</option>
			<option display="Baltic">BalticDeity</option>
			<option display="Celtic">CelticDeity</option>
			<option display="Chinese">ChineseDeity</option>
			<option display="Egyptian">EgyptianDeity</option>
			<option display="Greek">GreekDeity</option>
			<option display="Indian">IndianDeity</option>
			<option display="Japanese">JapaneseDeity</option>
			<option display="Mayan">MayanDeity</option>
			<option display="Native American">NativeAmericanDeity</option>
			<option display="Norse">NorseDeity</option>
			<option display="Roman">RomanDeity</option>
			<option display="Slavic">SlavicDeity</option>
			<option display="Voodoo">VoodooDeity</option>
		</parameter>
	</parameters>
	<supportsMaxLength>false</supportsMaxLength>
	<items>
		<item name="Start" weight="1">[Name], the [=Pick('goddess','god','deity','demigod','demigoddess')] of [Domains].</item>
		
		<item name="AnyName">[AztecDeity]</item>
		<item name="AnyName">[BalticDeity]</item>
		<item name="AnyName">[CelticDeity]</item>
		<item name="AnyName">[ChineseDeity]</item>
		<item name="AnyName">[EgyptianDeity]</item>
		<item name="AnyName">[GreekDeity]</item>
		<item name="AnyName">[IndianDeity]</item>
		<item name="AnyName">[JapaneseDeity]</item>
		<item name="AnyName">[MayanDeity]</item>
		<item name="AnyName">[NativeAmericanDeity]</item>
		<item name="AnyName">[NorseDeity]</item>
		<item name="AnyName">[RomanDeity]</item>
		<item name="AnyName">[SlavicDeity]</item>
		<item name="AnyName">[VoodooDeity]</item>
		
		<item name="AztecDeity">[=Generate('DeityAztec', 15)]</item>
		<item name="BalticDeity">[=Generate('DeityBaltic', 15)]</item>
		<item name="CelticDeity">[=Generate('DeityCeltic',15)]</item>
		<item name="ChineseDeity">[=Generate('DeityChinese',15)]</item>
		<item name="EgyptianDeity">[=Generate('DeityEgyptian',15)]</item>
		<item name="GreekDeity">[=Generate('DeityGreek',15)]</item>
		<item name="IndianDeity">[=Generate('DeityIndia',15)]</item>
		<item name="JapaneseDeity">[=Generate('DeityJapanese',15)]</item>
		<item name="MayanDeity">[=Generate('DeityMayan',15)]</item>
		<item name="NativeAmericanDeity">[=Generate('DeityNativeAmerican',15)]</item>
		<item name="NorseDeity">[=Generate('DeityNorse',15)]</item>
		<item name="RomanDeity">[=Generate('DeityRoman',15)]</item>
		<item name="SlavicDeity">[=Generate('DeitySlavic',15)]</item>
		<item name="VoodooDeity">[=Generate('DeityVoodoo',15)]</item>
		
		<item name="Domains">[Domain]</item>
		<item name="Domains">[Domain] and [Domain]</item>
		<item name="Domains">[Domain], [Domain], and [Domain]</item>
		
		<item name="Domain">Acrobats</item>
		<item name="Domain">Agility</item>
		<item name="Domain">Agriculture</item>
		<item name="Domain">Air</item>
		<item name="Domain">Alchemy</item>
		<item name="Domain">Alcohol</item>
		<item name="Domain">Ancestors</item>
		<item name="Domain">Anger</item>
		<item name="Domain">Animals</item>
		<item name="Domain">Archers</item>
		<item name="Domain">Astrology</item>
		<item name="Domain">Autumn</item>
		<item name="Domain">Battle</item>
		<item name="Domain">Beauty</item>
		<item name="Domain">Beer</item>
		<item name="Domain">Bravery</item>
		<item name="Domain">Brides</item>
		<item name="Domain">Cats</item>
		<item name="Domain">Cattle</item>
		<item name="Domain">Cavalry</item>
		<item name="Domain">Celebration</item>
		<item name="Domain">Chance</item>
		<item name="Domain">Change</item>
		<item name="Domain">Chaos</item>
		<item name="Domain">Children</item>
		<item name="Domain">Choice</item>
		<item name="Domain">Cities</item>
		<item name="Domain">Clouds</item>
		<item name="Domain">Clowns</item>
		<item name="Domain">Cowards</item>
		<item name="Domain">Creation</item>
		<item name="Domain">Creativity</item>
		<item name="Domain">Crops</item>
		<item name="Domain">Dancers</item>
		<item name="Domain">Darkness</item>
		<item name="Domain">Dawn</item>
		<item name="Domain">Day</item>
		<item name="Domain">Death</item>
		<item name="Domain">Desert</item>
		<item name="Domain">Desire</item>
		<item name="Domain">Destiny</item>
		<item name="Domain">Disease</item>
		<item name="Domain">Dogs</item>
		<item name="Domain">Dragons</item>
		<item name="Domain">Dreams</item>
		<item name="Domain">Drink</item>
		<item name="Domain">Dusk</item>
		<item name="Domain">Earth</item>
		<item name="Domain">Entertainers</item>
		<item name="Domain">Everything</item>
		<item name="Domain">Evil</item>
		<item name="Domain">Fate</item>
		<item name="Domain">Fear</item>
		<item name="Domain">Fertility</item>
		<item name="Domain">Fire</item>
		<item name="Domain">Fish</item>
		<item name="Domain">Food</item>
		<item name="Domain">Fools</item>
		<item name="Domain">Gambling</item>
		<item name="Domain">Games</item>
		<item name="Domain">Gold</item>
		<item name="Domain">Good</item>
		<item name="Domain">Grooms</item>
		<item name="Domain">Handmaidens</item>
		<item name="Domain">Happiness</item>
		<item name="Domain">Hate</item>
		<item name="Domain">Healing</item>
		<item name="Domain">Health</item>
		<item name="Domain">The Hearth</item>
		<item name="Domain">Hell</item>
		<item name="Domain">Hills</item>
		<item name="Domain">Home</item>
		<item name="Domain">Hunting</item>
		<item name="Domain">Hurricanes</item>
		<item name="Domain">Husbands</item>
		<item name="Domain">Illusion</item>
		<item name="Domain">Innocence</item>
		<item name="Domain">Inspiration</item>
		<item name="Domain">Intellect</item>
		<item name="Domain">Jesters</item>
		<item name="Domain">Jewelers</item>
		<item name="Domain">Justice</item>
		<item name="Domain">Knights</item>
		<item name="Domain">Knowledge</item>
		<item name="Domain">Land</item>
		<item name="Domain">Lava</item>
		<item name="Domain">Law</item>
		<item name="Domain">Life</item>
		<item name="Domain">Light</item>
		<item name="Domain">Lightning</item>
		<item name="Domain">Loss</item>
		<item name="Domain">Love</item>
		<item name="Domain">Magic</item>
		<item name="Domain">Magma</item>
		<item name="Domain">Maidens</item>
		<item name="Domain">Marriage</item>
		<item name="Domain">Marshes</item>
		<item name="Domain">Medicine</item>
		<item name="Domain">Messengers</item>
		<item name="Domain">Mischief</item>
		<item name="Domain">Mothers</item>
		<item name="Domain">Mountains</item>
		<item name="Domain">Music</item>
		<item name="Domain">Musicians</item>
		<item name="Domain">Nature</item>
		<item name="Domain">Night</item>
		<item name="Domain">Nightmares</item>
		<item name="Domain">Nobility</item>
		<item name="Domain">Oceans</item>
		<item name="Domain">Peace</item>
		<item name="Domain">Peasants</item>
		<item name="Domain">Performers</item>
		<item name="Domain">Pestilence</item>
		<item name="Domain">Poetry</item>
		<item name="Domain">Prairies</item>
		<item name="Domain">Prophecy</item>
		<item name="Domain">Rainbows</item>
		<item name="Domain">Rebirth</item>
		<item name="Domain">Revenge</item>
		<item name="Domain">Rivers</item>
		<item name="Domain">Roads</item>
		<item name="Domain">Rocks</item>
		<item name="Domain">Rogues</item>
		<item name="Domain">Royalty</item>
		<item name="Domain">Science</item>
		<item name="Domain">Seas</item>
		<item name="Domain">Serendipity</item>
		<item name="Domain">Serpents</item>
		<item name="Domain">Sex</item>
		<item name="Domain">Silver</item>
		<item name="Domain">Soldiers</item>
		<item name="Domain">Sorrow</item>
		<item name="Domain">Speed</item>
		<item name="Domain">Spring</item>
		<item name="Domain">Stars</item>
		<item name="Domain">Steppes</item>
		<item name="Domain">Stone</item>
		<item name="Domain">Storms</item>
		<item name="Domain">Strength</item>
		<item name="Domain">Summer</item>
		<item name="Domain">Swamps</item>
		<item name="Domain">Technology</item>
		<item name="Domain">The Afterlife</item>
		<item name="Domain">The Forge</item>
		<item name="Domain">The Harvest</item>
		<item name="Domain">The Heavens</item>
		<item name="Domain">The Moon</item>
		<item name="Domain">The Seasons</item>
		<item name="Domain">The Sky</item>
		<item name="Domain">The Sun</item>
		<item name="Domain">The Underworld</item>
		<item name="Domain">The Unknown</item>
		<item name="Domain">Thieves</item>
		<item name="Domain">Thunder</item>
		<item name="Domain">Time</item>
		<item name="Domain">Tornadoes</item>
		<item name="Domain">Tournaments</item>
		<item name="Domain">Towns</item>
		<item name="Domain">Treasure</item>
		<item name="Domain">Trees</item>
		<item name="Domain">Trickery</item>
		<item name="Domain">Truth</item>
		<item name="Domain">Villages</item>
		<item name="Domain">Void</item>
		<item name="Domain">Volcanoes</item>
		<item name="Domain">War</item>
		<item name="Domain">Warriors</item>
		<item name="Domain">Water</item>
		<item name="Domain">Wealth</item>
		<item name="Domain">Weapons</item>
		<item name="Domain">Weather</item>
		<item name="Domain">Wilderness</item>
		<item name="Domain">Wine</item>
		<item name="Domain">Winter</item>
		<item name="Domain">Wisdom</item>
		<item name="Domain">Wives</item>
		<item name="Domain">Woodlands</item>
		<item name="Domain">Youth</item>		
	</items>
</Grammar>