<?xml version="1.0"?>
<Grammar xmlns:xsd="http://www.w3.org/2001/XMLSchema" xmlns:xsi="http://www.w3.org/2001/XMLSchema-instance" xsi:type="AssignmentGrammar">
  <name>Roman Deity Name</name>
  <author>Lance Boudreaux</author>
  <description>Generates a Roman style deity name</description>
  <tags>
    <tag>Name</tag>
    <tag>Deity</tag>
  </tags>
  <parameters />
  <supportsMaxLength>true</supportsMaxLength>
  <items>
    <item name="Start" weight="2">[Ab]</item>
    <item name="Start">[So]</item>
    <item name="Start">[Qu]</item>
    <item name="Start" weight="6">[La]</item>
    <item name="Start" weight="11">[Fa]</item>
    <item name="Start">[Hi]</item>
    <item name="Start" weight="2">[Re]</item>
    <item name="Start">[Rh]</item>
    <item name="Start" weight="3">[Pi]</item>
    <item name="Start" weight="2">[He]</item>
    <item name="Start">[Ge]</item>
    <item name="Start" weight="8">[Ca]</item>
    <item name="Start">[Bu]</item>
    <item name="Start" weight="2">[Bo]</item>
    <item name="Start">[Th]</item>
    <item name="Start" weight="2">[Le]</item>
    <item name="Start">[Ph]</item>
    <item name="Start" weight="3">[Li]</item>
    <item name="Start" weight="2">[Be]</item>
    <item name="Start" weight="4">[Ro]</item>
    <item name="Start" weight="2">[Lo]</item>
    <item name="Start" weight="3">[Cu]</item>
    <item name="Start" weight="2">[Ba]</item>
    <item name="Start" weight="2">[Ti]</item>
    <item name="Start" weight="2">[Au]</item>
    <item name="Start" weight="2">[Pe]</item>
    <item name="Start" weight="2">[Pl]</item>
    <item name="Start" weight="3">[Fr]</item>
    <item name="Start" weight="5">[Ju]</item>
    <item name="Start" weight="5">[Sa]</item>
    <item name="Start">[Cr]</item>
    <item name="Start" weight="2">[Iu]</item>
    <item name="Start" weight="2">[De]</item>
    <item name="Start" weight="2">[Pr]</item>
    <item name="Start" weight="3">[Su]</item>
    <item name="Start">[Ja]</item>
    <item name="Start">[In]</item>
    <item name="Start" weight="5">[Di]</item>
    <item name="Start">[Jo]</item>
    <item name="Start" weight="3">[Po]</item>
    <item name="Start" weight="4">[Co]</item>
    <item name="Start">[Pu]</item>
    <item name="Start" weight="2">[Il]</item>
    <item name="Start">[Dj]</item>
    <item name="Start" weight="2">[Eg]</item>
    <item name="Start">[Em]</item>
    <item name="Start" weight="7">[St]</item>
    <item name="Start" weight="2">[Cl]</item>
    <item name="Start">[Sy]</item>
    <item name="Start">[En]</item>
    <item name="Start">[Ce]</item>
    <item name="Start">[Ta]</item>
    <item name="Start">[Sp]</item>
    <item name="Start" weight="3">[Ho]</item>
    <item name="Start" weight="3">[Te]</item>
    <item name="Start" weight="3">[Ev]</item>
    <item name="Start">[Ar]</item>
    <item name="Start">[Io]</item>
    <item name="Start" weight="3">[Mo]</item>
    <item name="Start">[Or]</item>
    <item name="Start" weight="3">[Ne]</item>
    <item name="Start">[Ad]</item>
    <item name="Start" weight="3">[Op]</item>
    <item name="Start" weight="5">[Vo]</item>
    <item name="Start" weight="5">[An]</item>
    <item name="Start" weight="2">[Ae]</item>
    <item name="Start" weight="5">[Me]</item>
    <item name="Start" weight="5">[Lu]</item>
    <item name="Start" weight="3">[Fe]</item>
    <item name="Start" weight="2">[Mi]</item>
    <item name="Start" weight="2">[Al]</item>
    <item name="Start" weight="4">[Fo]</item>
    <item name="Start">[Ai]</item>
    <item name="Start" weight="3">[Vi]</item>
    <item name="Start" weight="3">[Si]</item>
    <item name="Start" weight="2">[No]</item>
    <item name="Start" weight="6">[Pa]</item>
    <item name="Start" weight="7">[Ve]</item>
    <item name="Start">[Ag]</item>
    <item name="Start">[Fl]</item>
    <item name="Start" weight="2">[Vu]</item>
    <item name="Start" weight="2">[Tr]</item>
    <item name="Start" weight="9">[Ma]</item>
    <item name="Start">[Mu]</item>
    <item name="Start" weight="2">[Fi]</item>
    <item name="Start">[Aq]</item>
    <item name="Start">[Se]</item>
    <item name="Start">[Ni]</item>
    <item name="Start">[Af]</item>
    <item name="a " weight="41">a </item>
    <item name="Ab" next="un">Ab</item>
    <item name="Ab" next="eo">Ab</item>
    <item name="ad" next="iu">ad</item>
    <item name="Ad" next="eo">Ad</item>
    <item name="ae" weight="2">ae</item>
    <item name="Ae" next="qu">Ae</item>
    <item name="Ae" next="st">Ae</item>
    <item name="Af" next="ri">Af</item>
    <item name="Ag" next="no">Ag</item>
    <item name="Ai" next="us">Ai</item>
    <item name="al" next="na">al</item>
    <item name="Al" next="bu">Al</item>
    <item name="Al" next="em">Al</item>
    <item name="an" next="de">an</item>
    <item name="an" weight="2">an</item>
    <item name="an" weight="2" next="a ">an</item>
    <item name="an" weight="4" next="us">an</item>
    <item name="An" next="ge">An</item>
    <item name="An" next="no">An</item>
    <item name="An" next="gi">An</item>
    <item name="An" next="ti">An</item>
    <item name="An" next="i ">An</item>
    <item name="Aq" next="ui">Aq</item>
    <item name="Ar" next="tu">Ar</item>
    <item name="as" weight="6">as</item>
    <item name="au" next="s ">au</item>
    <item name="au" next="d ">au</item>
    <item name="au" next="ri">au</item>
    <item name="Au" next="st">Au</item>
    <item name="Au" next="ro">Au</item>
    <item name="ax">ax</item>
    <item name="ba">ba</item>
    <item name="Ba" weight="2" next="cc">Ba</item>
    <item name="be" next="r ">be</item>
    <item name="be" next="ri">be</item>
    <item name="be" next="ra">be</item>
    <item name="Be" weight="2" next="ll">Be</item>
    <item name="bi" next="gu">bi</item>
    <item name="bi" next="ga">bi</item>
    <item name="bi" next="ti">bi</item>
    <item name="bo" next="na">bo</item>
    <item name="Bo" next="nu">Bo</item>
    <item name="Bo" next="na">Bo</item>
    <item name="br" next="uu">br</item>
    <item name="bu" next="li">bu</item>
    <item name="bu" next="s ">bu</item>
    <item name="bu" next="ne">bu</item>
    <item name="Bu" next="bo">Bu</item>
    <item name="by" next="l ">by</item>
    <item name="ca" weight="3">ca</item>
    <item name="Ca" next="rm">Ca</item>
    <item name="Ca" next="ca">Ca</item>
    <item name="Ca" next="lv">Ca</item>
    <item name="Ca" next="me">Ca</item>
    <item name="Ca" next="rn">Ca</item>
    <item name="Ca" next="rd">Ca</item>
    <item name="Ca" next="nd">Ca</item>
    <item name="Ca" next="ne">Ca</item>
    <item name="cc" next="ha">cc</item>
    <item name="cc" next="hu">cc</item>
    <item name="ce" next="ss">ce</item>
    <item name="ce">ce</item>
    <item name="Ce" next="re">Ce</item>
    <item name="ci" next="ta">ci</item>
    <item name="ci" next="na">ci</item>
    <item name="ci" next="ti">ci</item>
    <item name="ci" next="ma">ci</item>
    <item name="ci" next="fe">ci</item>
    <item name="ci" next="a ">ci</item>
    <item name="Cl" next="em">Cl</item>
    <item name="Cl" next="oa">Cl</item>
    <item name="co" next="st">co</item>
    <item name="Co" weight="3" next="ns">Co</item>
    <item name="Co" next="nc">Co</item>
    <item name="Cr" next="ed">Cr</item>
    <item name="ct" next="or">ct</item>
    <item name="cu" weight="2" next="li">cu</item>
    <item name="cu" weight="5" next="s ">cu</item>
    <item name="cu" next="tu">cu</item>
    <item name="Cu" next="ba">Cu</item>
    <item name="Cu" next="pi">Cu</item>
    <item name="Cu" next="pr">Cu</item>
    <item name="d " weight="2">d </item>
    <item name="da" next="nt">da</item>
    <item name="de" next="r ">de</item>
    <item name="de" next="s ">de</item>
    <item name="De" next="ci">De</item>
    <item name="De" next="a ">De</item>
    <item name="di" weight="3" next="a ">di</item>
    <item name="di">di</item>
    <item name="di" next="ca">di</item>
    <item name="di" next="ci">di</item>
    <item name="Di" next="es">Di</item>
    <item name="Di" next="us">Di</item>
    <item name="Di" next="an">Di</item>
    <item name="Di" weight="2" next="sc">Di</item>
    <item name="Dj" next="ou">Dj</item>
    <item name="do" next="ve">do</item>
    <item name="du" next="s ">du</item>
    <item name="e " weight="4">e </item>
    <item name="ea" weight="2">ea</item>
    <item name="ea" next="su">ea</item>
    <item name="ed" next="ul">ed</item>
    <item name="Eg" next="er">Eg</item>
    <item name="Eg" next="es">Eg</item>
    <item name="ei" next="a ">ei</item>
    <item name="el" next="if">el</item>
    <item name="em" next="en">em</item>
    <item name="em" next="on">em</item>
    <item name="Em" next="pa">Em</item>
    <item name="en" next="ti">en</item>
    <item name="en" next="ce">en</item>
    <item name="en" next="s ">en</item>
    <item name="en" next="ta">en</item>
    <item name="en" next="tu">en</item>
    <item name="En" next="do">En</item>
    <item name="eo" weight="2" next="na">eo</item>
    <item name="er" next="pi">er</item>
    <item name="er" weight="2" next="cu">er</item>
    <item name="er" weight="3">er</item>
    <item name="er" next="a ">er</item>
    <item name="er" next="ia">er</item>
    <item name="er" weight="2" next="qu">er</item>
    <item name="es" weight="3">es</item>
    <item name="es" next="te">es</item>
    <item name="et" next="us">et</item>
    <item name="et" next="it">et</item>
    <item name="et" next="au">et</item>
    <item name="Ev" next="en">Ev</item>
    <item name="Ev" weight="2" next="an">Ev</item>
    <item name="Fa" weight="2" next="me">Fa</item>
    <item name="Fa" weight="2" next="un">Fa</item>
    <item name="Fa" next="ma">Fa</item>
    <item name="Fa" next="sc">Fa</item>
    <item name="Fa" next="ta">Fa</item>
    <item name="Fa" next="tu">Fa</item>
    <item name="Fa" next="uo">Fa</item>
    <item name="Fa" next="us">Fa</item>
    <item name="Fa" next="bu">Fa</item>
    <item name="fe" next="r ">fe</item>
    <item name="Fe" next="li">Fe</item>
    <item name="Fe" next="ro">Fe</item>
    <item name="Fe" next="br">Fe</item>
    <item name="fi" next="cu">fi</item>
    <item name="Fi" next="du">Fi</item>
    <item name="Fi" next="de">Fi</item>
    <item name="Fl" next="or">Fl</item>
    <item name="Fo" next="ns">Fo</item>
    <item name="Fo" next="nt">Fo</item>
    <item name="Fo" next="rn">Fo</item>
    <item name="Fo" next="rt">Fo</item>
    <item name="Fr" next="ie">Fr</item>
    <item name="Fr" weight="2" next="au">Fr</item>
    <item name="ga">ga</item>
    <item name="ge" next="ro">ge</item>
    <item name="ge" weight="2" next="s ">ge</item>
    <item name="Ge" next="ni">Ge</item>
    <item name="gi" next="ta">gi</item>
    <item name="gu" next="s ">gu</item>
    <item name="ha" next="e ">ha</item>
    <item name="he" next="a ">he</item>
    <item name="He" next="rs">He</item>
    <item name="He" next="rc">He</item>
    <item name="Hi" next="pp">Hi</item>
    <item name="Ho" next="rt">Ho</item>
    <item name="Ho" next="pe">Ho</item>
    <item name="Ho" next="no">Ho</item>
    <item name="hu" next="s ">hu</item>
    <item name="hy" next="ia">hy</item>
    <item name="i " weight="2">i </item>
    <item name="ia" weight="12">ia</item>
    <item name="ib" next="er">ib</item>
    <item name="ic" next="ia">ic</item>
    <item name="ie" next="nd">ie</item>
    <item name="if" next="lu">if</item>
    <item name="if" next="er">if</item>
    <item name="il" next="ia">il</item>
    <item name="il" weight="2" next="in">il</item>
    <item name="Il" next="ia">Il</item>
    <item name="Il" next="yt">Il</item>
    <item name="in" weight="4" next="us">in</item>
    <item name="in" next="iu">in</item>
    <item name="In" next="vi">In</item>
    <item name="io" next="vi">io</item>
    <item name="Io" next="vi">Io</item>
    <item name="ip" next="li">ip</item>
    <item name="ip">ip</item>
    <item name="ir" next="in">ir</item>
    <item name="is" weight="2">is</item>
    <item name="it" next="ia">it</item>
    <item name="it" weight="3" next="as">it</item>
    <item name="it" next="is">it</item>
    <item name="it" next="er">it</item>
    <item name="iu" next="m ">iu</item>
    <item name="iu" weight="3" next="s ">iu</item>
    <item name="Iu" next="pp">Iu</item>
    <item name="Iu" next="pi">Iu</item>
    <item name="iv" next="ia">iv</item>
    <item name="iv" next="e ">iv</item>
    <item name="Ja" next="nu">Ja</item>
    <item name="Jo" next="ve">Jo</item>
    <item name="Ju" next="pi">Ju</item>
    <item name="Ju" next="ve">Ju</item>
    <item name="Ju" next="tu">Ju</item>
    <item name="Ju" next="no">Ju</item>
    <item name="Ju" next="st">Ju</item>
    <item name="l ">l </item>
    <item name="la" next="ci">la</item>
    <item name="La" next="ve">La</item>
    <item name="La" next="re">La</item>
    <item name="La" next="ra">La</item>
    <item name="La" next="ti">La</item>
    <item name="La" next="rv">La</item>
    <item name="La" next="et">La</item>
    <item name="lc" next="ib">lc</item>
    <item name="lc" weight="2" next="an">lc</item>
    <item name="le" weight="2" next="s ">le</item>
    <item name="Le" next="uc">Le</item>
    <item name="Le" next="mu">Le</item>
    <item name="li" weight="2" next="nu">li</item>
    <item name="li" next="cu">li</item>
    <item name="li" weight="2" next="a ">li</item>
    <item name="li" next="us">li</item>
    <item name="li" next="ci">li</item>
    <item name="li" next="na">li</item>
    <item name="Li" weight="2" next="be">Li</item>
    <item name="Li" next="bi">Li</item>
    <item name="ll" next="if">ll</item>
    <item name="ll" next="ad">ll</item>
    <item name="ll" next="us">ll</item>
    <item name="ll" next="on">ll</item>
    <item name="ll" next="un">ll</item>
    <item name="lo">lo</item>
    <item name="Lo" next="sn">Lo</item>
    <item name="Lo" next="qu">Lo</item>
    <item name="lt" next="um">lt</item>
    <item name="lt" weight="2" next="ur">lt</item>
    <item name="lu" weight="2" next="pt">lu</item>
    <item name="lu" next="mn">lu</item>
    <item name="lu" next="fi">lu</item>
    <item name="lu" weight="3" next="s ">lu</item>
    <item name="Lu" next="di">Lu</item>
    <item name="Lu" next="pe">Lu</item>
    <item name="Lu" next="ci">Lu</item>
    <item name="Lu" weight="2" next="na">Lu</item>
    <item name="lv" next="ia">lv</item>
    <item name="lv" next="a ">lv</item>
    <item name="lv" weight="2" next="an">lv</item>
    <item name="m ">m </item>
    <item name="ma" weight="3">ma</item>
    <item name="Ma" next="ur">Ma</item>
    <item name="Ma" next="ni">Ma</item>
    <item name="Ma" next="nt">Ma</item>
    <item name="Ma" next="ri">Ma</item>
    <item name="Ma" next="rs">Ma</item>
    <item name="Ma" next="ne">Ma</item>
    <item name="Ma" next="tu">Ma</item>
    <item name="Ma" next="xi">Ma</item>
    <item name="Ma" next="te">Ma</item>
    <item name="me" weight="2">me</item>
    <item name="me" next="s ">me</item>
    <item name="me" next="na">me</item>
    <item name="Me" next="di">Me</item>
    <item name="Me" next="na">Me</item>
    <item name="Me" next="ph">Me</item>
    <item name="Me" weight="2" next="rc">Me</item>
    <item name="Mi" next="th">Mi</item>
    <item name="Mi" next="ne">Mi</item>
    <item name="mm" next="an">mm</item>
    <item name="mn" weight="2" next="us">mn</item>
    <item name="mo" next="re">mo</item>
    <item name="mo" next="na">mo</item>
    <item name="Mo" weight="2" next="rt">Mo</item>
    <item name="Mo" next="rs">Mo</item>
    <item name="mu" next="lu">mu</item>
    <item name="mu" weight="3" next="s ">mu</item>
    <item name="mu" next="re">mu</item>
    <item name="Mu" next="lc">Mu</item>
    <item name="na" next="r ">na</item>
    <item name="na" weight="16">na</item>
    <item name="na" next="te">na</item>
    <item name="na" next="e ">na</item>
    <item name="nc" next="or">nc</item>
    <item name="nd" next="a ">nd</item>
    <item name="nd" next="sh">nd</item>
    <item name="nd" next="el">nd</item>
    <item name="ne" next="s ">ne</item>
    <item name="ne" next="ns">ne</item>
    <item name="ne" next="rv">ne</item>
    <item name="ne" next="a ">ne</item>
    <item name="Ne" weight="2" next="pt">Ne</item>
    <item name="Ne" next="ce">Ne</item>
    <item name="ni" weight="2" next="a ">ni</item>
    <item name="ni" weight="2" next="us">ni</item>
    <item name="Ni" next="co">Ni</item>
    <item name="nn" next="a ">nn</item>
    <item name="no" next="na">no</item>
    <item name="no" next="us">no</item>
    <item name="no" next="st">no</item>
    <item name="no" weight="2">no</item>
    <item name="no" next="r ">no</item>
    <item name="No" next="na">No</item>
    <item name="No" next="no">No</item>
    <item name="ns" next="us">ns</item>
    <item name="ns" weight="2">ns</item>
    <item name="ns" weight="2" next="ua">ns</item>
    <item name="nt" next="as">nt</item>
    <item name="nt" next="ia">nt</item>
    <item name="nt" weight="2" next="us">nt</item>
    <item name="nu" next="a ">nu</item>
    <item name="nu" weight="10" next="s ">nu</item>
    <item name="o " weight="2">o </item>
    <item name="oa" next="ci">oa</item>
    <item name="oe" next="bu">oe</item>
    <item name="on" next="ia">on</item>
    <item name="on" weight="2" next="a ">on</item>
    <item name="Op" next="ti">Op</item>
    <item name="Op" next="s ">Op</item>
    <item name="Op" next="is">Op</item>
    <item name="or" next="a ">or</item>
    <item name="or" weight="2" next="di">or</item>
    <item name="or" next="y ">or</item>
    <item name="Or" next="cu">Or</item>
    <item name="os" next="er">os</item>
    <item name="os">os</item>
    <item name="ot" next="he">ot</item>
    <item name="ou" next="s ">ou</item>
    <item name="ov" next="et">ov</item>
    <item name="pa" next="nd">pa</item>
    <item name="Pa" next="te">Pa</item>
    <item name="Pa" next="x ">Pa</item>
    <item name="Pa" weight="2" next="rc">Pa</item>
    <item name="Pa" next="le">Pa</item>
    <item name="Pa" next="ll">Pa</item>
    <item name="pe" next="rc">pe</item>
    <item name="pe">pe</item>
    <item name="Pe" next="re">Pe</item>
    <item name="Pe" next="na">Pe</item>
    <item name="ph" next="it">ph</item>
    <item name="Ph" next="oe">Ph</item>
    <item name="pi" next="d ">pi</item>
    <item name="pi" weight="2" next="te">pi</item>
    <item name="pi" next="na">pi</item>
    <item name="Pi" next="lu">Pi</item>
    <item name="Pi" next="et">Pi</item>
    <item name="Pi" next="cu">Pi</item>
    <item name="Pl" next="ea">Pl</item>
    <item name="Pl" next="ut">Pl</item>
    <item name="Po" next="rt">Po</item>
    <item name="Po" next="mo">Po</item>
    <item name="Po" next="st">Po</item>
    <item name="pp" next="on">pp</item>
    <item name="pp" next="it">pp</item>
    <item name="pr" next="a ">pr</item>
    <item name="Pr" next="ud">Pr</item>
    <item name="Pr" next="os">Pr</item>
    <item name="pt" weight="2" next="un">pt</item>
    <item name="pt" next="a ">pt</item>
    <item name="pt" next="as">pt</item>
    <item name="Pu" next="di">Pu</item>
    <item name="qu" weight="2" next="il">qu</item>
    <item name="qu" next="it">qu</item>
    <item name="qu" next="en">qu</item>
    <item name="qu" next="an">qu</item>
    <item name="Qu" next="ir">Qu</item>
    <item name="r " weight="10">r </item>
    <item name="ra" next="s ">ra</item>
    <item name="ra" next="te">ra</item>
    <item name="ra" weight="3">ra</item>
    <item name="rb" next="iu">rb</item>
    <item name="rb" next="ei">rb</item>
    <item name="rc" next="us">rc</item>
    <item name="rc" weight="2" next="ur">rc</item>
    <item name="rc" next="ul">rc</item>
    <item name="rc" next="ae">rc</item>
    <item name="rc" next="a ">rc</item>
    <item name="rd" next="ea">rd</item>
    <item name="re" next="nu">re</item>
    <item name="re">re</item>
    <item name="re" next="nn">re</item>
    <item name="re" weight="4" next="s ">re</item>
    <item name="Re" next="a ">Re</item>
    <item name="Re" next="mu">Re</item>
    <item name="Rh" next="ea">Rh</item>
    <item name="ri" next="ca">ri</item>
    <item name="ri" next="nu">ri</item>
    <item name="ri" next="to">ri</item>
    <item name="ri" next="ta">ri</item>
    <item name="ri" next="li">ri</item>
    <item name="ri" next="ge">ri</item>
    <item name="ri" next="cu">ri</item>
    <item name="rm" next="en">rm</item>
    <item name="rm" next="in">rm</item>
    <item name="rn" weight="3" next="a ">rn</item>
    <item name="rn">rn</item>
    <item name="rn" next="ax">rn</item>
    <item name="rn" next="us">rn</item>
    <item name="ro" next="ni">ro</item>
    <item name="ro" next="ra">ro</item>
    <item name="ro" next="na">ro</item>
    <item name="Ro" weight="2" next="bi">Ro</item>
    <item name="Ro" next="ma">Ro</item>
    <item name="Ro" next="mu">Ro</item>
    <item name="rr" next="i ">rr</item>
    <item name="rs" weight="2">rs</item>
    <item name="rs" next="il">rs</item>
    <item name="rt" next="um">rt</item>
    <item name="rt" next="us">rt</item>
    <item name="rt" next="ia">rt</item>
    <item name="rt" weight="3" next="a ">rt</item>
    <item name="rt" weight="2" next="un">rt</item>
    <item name="rv" next="a ">rv</item>
    <item name="rv" next="ae">rv</item>
    <item name="s " weight="53">s </item>
    <item name="Sa" weight="2" next="tu">Sa</item>
    <item name="Sa" next="lu">Sa</item>
    <item name="Sa" next="ri">Sa</item>
    <item name="Sa" next="la">Sa</item>
    <item name="sc" next="or">sc</item>
    <item name="sc" next="ip">sc</item>
    <item name="sc" next="in">sc</item>
    <item name="Se" next="qu">Se</item>
    <item name="sh" next="ip">sh</item>
    <item name="Si" next="by">Si</item>
    <item name="Si" weight="2" next="lv">Si</item>
    <item name="sn" next="a ">sn</item>
    <item name="So" next="mn">So</item>
    <item name="Sp" next="es">Sp</item>
    <item name="ss" next="it">ss</item>
    <item name="st" next="as">st</item>
    <item name="st" next="os">st</item>
    <item name="st" next="ra">st</item>
    <item name="st" next="a ">st</item>
    <item name="st" next="ic">st</item>
    <item name="st" next="vo">st</item>
    <item name="st" next="er">st</item>
    <item name="St" weight="4" next="er">St</item>
    <item name="St" next="ur">St</item>
    <item name="St" next="ri">St</item>
    <item name="St" next="re">St</item>
    <item name="su" next="re">su</item>
    <item name="su" next="rr">su</item>
    <item name="Su" next="su">Su</item>
    <item name="Su" next="ov">Su</item>
    <item name="Su" next="mm">Su</item>
    <item name="Sy" next="lv">Sy</item>
    <item name="ta" weight="2" next="s ">ta</item>
    <item name="ta" weight="4">ta</item>
    <item name="Ta" next="ge">Ta</item>
    <item name="te" weight="4" next="r ">te</item>
    <item name="te" weight="2" next="s ">te</item>
    <item name="te">te</item>
    <item name="Te" next="rm">Te</item>
    <item name="Te" weight="2" next="ll">Te</item>
    <item name="th" next="ra">th</item>
    <item name="Th" next="al">Th</item>
    <item name="ti" next="na">ti</item>
    <item name="ti" next="mu">ti</item>
    <item name="ti" next="no">ti</item>
    <item name="ti" next="nu">ti</item>
    <item name="ti" weight="3" next="a ">ti</item>
    <item name="Ti" next="mo">Ti</item>
    <item name="Ti" next="be">Ti</item>
    <item name="to" next="r ">to</item>
    <item name="Tr" next="iv">Tr</item>
    <item name="Tr" next="ia">Tr</item>
    <item name="tu" next="lu">tu</item>
    <item name="tu" next="a ">tu</item>
    <item name="tu" weight="3" next="rn">tu</item>
    <item name="tu" weight="2" next="s ">tu</item>
    <item name="tu" next="me">tu</item>
    <item name="tu" next="ta">tu</item>
    <item name="ua" next="le">ua</item>
    <item name="ua" next="li">ua</item>
    <item name="uc" next="ot">uc</item>
    <item name="ud" next="en">ud</item>
    <item name="ui" next="lo">ui</item>
    <item name="ul" next="it">ul</item>
    <item name="ul" next="es">ul</item>
    <item name="um" next="nu">um</item>
    <item name="um" next="na">um</item>
    <item name="un" next="da">un</item>
    <item name="un" weight="3" next="us">un</item>
    <item name="un" next="o ">un</item>
    <item name="un" next="e ">un</item>
    <item name="un" weight="2" next="a ">un</item>
    <item name="uo" next="ni">uo</item>
    <item name="ur" next="ti">ur</item>
    <item name="ur" weight="2" next="nu">ur</item>
    <item name="ur" next="cu">ur</item>
    <item name="ur" next="iu">ur</item>
    <item name="ur" next="y ">ur</item>
    <item name="us" weight="27">us</item>
    <item name="us" next="tu">us</item>
    <item name="ut" next="o ">ut</item>
    <item name="uu" next="s ">uu</item>
    <item name="ve" next="nt">ve</item>
    <item name="ve" next="li">ve</item>
    <item name="ve" next="rn">ve</item>
    <item name="ve">ve</item>
    <item name="Ve" next="nu">Ve</item>
    <item name="Ve" next="st">Ve</item>
    <item name="Ve" next="rt">Ve</item>
    <item name="Ve" next="ri">Ve</item>
    <item name="Ve" next="rb">Ve</item>
    <item name="Ve" next="iv">Ve</item>
    <item name="Ve" next="io">Ve</item>
    <item name="vi" next="di">vi</item>
    <item name="vi" weight="2" next="s ">vi</item>
    <item name="Vi" next="rb">Vi</item>
    <item name="Vi" next="rt">Vi</item>
    <item name="Vi" next="ct">Vi</item>
    <item name="vo" next="rt">vo</item>
    <item name="Vo" next="lc">Vo</item>
    <item name="Vo" weight="2" next="lu">Vo</item>
    <item name="Vo" weight="2" next="lt">Vo</item>
    <item name="Vu" next="lc">Vu</item>
    <item name="Vu" next="lt">Vu</item>
    <item name="x ">x </item>
    <item name="xi" next="mu">xi</item>
    <item name="y " weight="2">y </item>
    <item name="yt" next="hy">yt</item>
  </items>
  <imports />
</Grammar>