<?xml version="1.0"?>
<Grammar xmlns:xsd="http://www.w3.org/2001/XMLSchema" xmlns:xsi="http://www.w3.org/2001/XMLSchema-instance" xsi:type="AssignmentGrammar">
  <name>Greek Deity Name</name>
  <author>Lance Boudreaux</author>
  <description>Generates a Greek style deity name</description>
  <tags>
    <tag>Name</tag>
    <tag>Deity</tag>
  </tags>
  <parameters />
  <supportsMaxLength>true</supportsMaxLength>
  <items>
    <item name="Start" weight="5">[Ac]</item>
    <item name="Start" weight="14">[Me]</item>
    <item name="Start" weight="2">[Sc]</item>
    <item name="Start" weight="2">[Da]</item>
    <item name="Start" weight="3">[Oe]</item>
    <item name="Start" weight="4">[Ma]</item>
    <item name="Start" weight="6">[Cy]</item>
    <item name="Start" weight="11">[At]</item>
    <item name="Start" weight="4">[Sa]</item>
    <item name="Start" weight="4">[Cr]</item>
    <item name="Start" weight="8">[Am]</item>
    <item name="Start">[Mu]</item>
    <item name="Start" weight="6">[Rh]</item>
    <item name="Start" weight="6">[Co]</item>
    <item name="Start">[Oi]</item>
    <item name="Start" weight="2">[Py]</item>
    <item name="Start" weight="11">[De]</item>
    <item name="Start" weight="5">[Se]</item>
    <item name="Start">[Od]</item>
    <item name="Start" weight="30">[He]</item>
    <item name="Start" weight="2">[Ek]</item>
    <item name="Start" weight="2">[Ei]</item>
    <item name="Start" weight="4">[Sp]</item>
    <item name="Start" weight="2">[Ec]</item>
    <item name="Start" weight="2">[Sk]</item>
    <item name="Start" weight="3">[Br]</item>
    <item name="Start" weight="2">[Gy]</item>
    <item name="Start" weight="5">[Hi]</item>
    <item name="Start" weight="7">[Si]</item>
    <item name="Start" weight="5">[Ai]</item>
    <item name="Start" weight="11">[Pa]</item>
    <item name="Start" weight="11">[Al]</item>
    <item name="Start">[Do]</item>
    <item name="Start" weight="10">[Ca]</item>
    <item name="Start" weight="11">[Ha]</item>
    <item name="Start" weight="7">[Di]</item>
    <item name="Start" weight="2">[Dr]</item>
    <item name="Start">[Ps]</item>
    <item name="Start" weight="4">[Pr]</item>
    <item name="Start" weight="3">[Ho]</item>
    <item name="Start" weight="7">[As]</item>
    <item name="Start" weight="13">[Or]</item>
    <item name="Start" weight="3">[Ky]</item>
    <item name="Start" weight="2">[Ir]</item>
    <item name="Start" weight="3">[Kr]</item>
    <item name="Start" weight="4">[Ko]</item>
    <item name="Start" weight="3">[Kl]</item>
    <item name="Start" weight="4">[Ap]</item>
    <item name="Start" weight="5">[Ka]</item>
    <item name="Start" weight="14">[Pe]</item>
    <item name="Start" weight="14">[Ar]</item>
    <item name="Start">[Ki]</item>
    <item name="Start">[Ot]</item>
    <item name="Start" weight="15">[Ch]</item>
    <item name="Start" weight="9">[Kh]</item>
    <item name="Start" weight="2">[Ou]</item>
    <item name="Start">[Os]</item>
    <item name="Start" weight="4">[El]</item>
    <item name="Start">[Ip]</item>
    <item name="Start" weight="2">[Io]</item>
    <item name="Start" weight="17">[Hy]</item>
    <item name="Start" weight="3">[Cl]</item>
    <item name="Start" weight="5">[Ok]</item>
    <item name="Start" weight="13">[Po]</item>
    <item name="Start" weight="8">[An]</item>
    <item name="Start" weight="3">[Li]</item>
    <item name="Start">[Ol]</item>
    <item name="Start" weight="19">[Ph]</item>
    <item name="Start" weight="3">[Pl]</item>
    <item name="Start">[Ci]</item>
    <item name="Start">[Om]</item>
    <item name="Start" weight="4">[Ia]</item>
    <item name="Start" weight="2">[Il]</item>
    <item name="Start" weight="9">[Ce]</item>
    <item name="Start" weight="2">[In]</item>
    <item name="Start" weight="6">[La]</item>
    <item name="Start" weight="5">[Le]</item>
    <item name="Start" weight="3">[St]</item>
    <item name="Start" weight="6">[Ke]</item>
    <item name="Start" weight="2">[Bo]</item>
    <item name="Start" weight="4">[Ti]</item>
    <item name="Start" weight="2">[Xa]</item>
    <item name="Start">[Be]</item>
    <item name="Start" weight="10">[Ep]</item>
    <item name="Start" weight="10">[Mo]</item>
    <item name="Start">[Ob]</item>
    <item name="Start">[Et]</item>
    <item name="Start" weight="15">[Ae]</item>
    <item name="Start" weight="2">[Ur]</item>
    <item name="Start">[Ul]</item>
    <item name="Start">[Eo]</item>
    <item name="Start">[Oa]</item>
    <item name="Start" weight="4">[Ty]</item>
    <item name="Start">[My]</item>
    <item name="Start" weight="4">[Au]</item>
    <item name="Start" weight="3">[Ny]</item>
    <item name="Start" weight="3">[Ba]</item>
    <item name="Start">[Gl]</item>
    <item name="Start" weight="4">[Ni]</item>
    <item name="Start" weight="4">[Tr]</item>
    <item name="Start" weight="5">[Gr]</item>
    <item name="Start" weight="3">[En]</item>
    <item name="Start" weight="5">[No]</item>
    <item name="Start" weight="5">[Ad]</item>
    <item name="Start" weight="2">[Mi]</item>
    <item name="Start" weight="16">[Th]</item>
    <item name="Start" weight="4">[Oc]</item>
    <item name="Start">[Go]</item>
    <item name="Start" weight="5">[Ne]</item>
    <item name="Start">[Fa]</item>
    <item name="Start">[Fu]</item>
    <item name="Start" weight="10">[Ag]</item>
    <item name="Start" weight="3">[Em]</item>
    <item name="Start" weight="7">[Ga]</item>
    <item name="Start" weight="2">[Bi]</item>
    <item name="Start">[Sy]</item>
    <item name="Start" weight="4">[Ta]</item>
    <item name="Start" weight="7">[Ze]</item>
    <item name="Start" weight="15">[Er]</item>
    <item name="Start" weight="5">[Te]</item>
    <item name="Start" weight="3">[Na]</item>
    <item name="Start" weight="4">[Ge]</item>
    <item name="Start" weight="12">[Eu]</item>
    <item name="Start">[Mn]</item>
    <item name="a " weight="50">a </item>
    <item name="ac" next="hu">ac</item>
    <item name="ac" next="hn">ac</item>
    <item name="ac" weight="2" next="in">ac</item>
    <item name="ac" next="us">ac</item>
    <item name="ac" next="es">ac</item>
    <item name="ac" next="os">ac</item>
    <item name="Ac" next="id">Ac</item>
    <item name="Ac" next="hi">Ac</item>
    <item name="Ac" weight="3" next="he">Ac</item>
    <item name="ad" weight="6" next="es">ad</item>
    <item name="ad" weight="2" next="am">ad</item>
    <item name="ad" weight="5" next="s ">ad</item>
    <item name="Ad" weight="2" next="ra">Ad</item>
    <item name="Ad" next="ep">Ad</item>
    <item name="Ad" next="am">Ad</item>
    <item name="Ad" next="on">Ad</item>
    <item name="ae" weight="2" next="th">ae</item>
    <item name="ae" next="to">ae</item>
    <item name="ae" next="ra">ae</item>
    <item name="ae" next="us">ae</item>
    <item name="ae" next="a ">ae</item>
    <item name="ae" weight="4">ae</item>
    <item name="ae" next="st">ae</item>
    <item name="ae" next="ae">ae</item>
    <item name="Ae" next="tn">Ae</item>
    <item name="Ae" next="sc">Ae</item>
    <item name="Ae" next="r ">Ae</item>
    <item name="Ae" weight="2" next="ac">Ae</item>
    <item name="Ae" next="ga">Ae</item>
    <item name="Ae" weight="2" next="ll">Ae</item>
    <item name="Ae" next="gi">Ae</item>
    <item name="Ae" next="gl">Ae</item>
    <item name="Ae" weight="2" next="ol">Ae</item>
    <item name="Ae" weight="3" next="th">Ae</item>
    <item name="ag" next="er">ag</item>
    <item name="ag" next="ru">ag</item>
    <item name="Ag" next="ra">Ag</item>
    <item name="Ag" next="av">Ag</item>
    <item name="Ag" next="do">Ag</item>
    <item name="Ag" weight="4" next="la">Ag</item>
    <item name="Ag" next="di">Ag</item>
    <item name="Ag" weight="2" next="ro">Ag</item>
    <item name="ai" next="i ">ai</item>
    <item name="ai" next="ae">ai</item>
    <item name="ai" weight="5">ai</item>
    <item name="ai" next="ra">ai</item>
    <item name="ai" next="st">ai</item>
    <item name="Ai" next="ak">Ai</item>
    <item name="Ai" next="gl">Ai</item>
    <item name="Ai" next="ol">Ai</item>
    <item name="Ai" next="th">Ai</item>
    <item name="Ai" next="r ">Ai</item>
    <item name="ak" next="os">ak</item>
    <item name="ak" next="in">ak</item>
    <item name="al" weight="2" next="th">al</item>
    <item name="al" next="te">al</item>
    <item name="al" next="us">al</item>
    <item name="al" next="id">al</item>
    <item name="al" weight="2" next="ia">al</item>
    <item name="al" next="an">al</item>
    <item name="al" next="as">al</item>
    <item name="al" weight="2" next="e ">al</item>
    <item name="al" weight="2" next="io">al</item>
    <item name="al" next="ei">al</item>
    <item name="Al" next="ce">Al</item>
    <item name="Al" next="ci">Al</item>
    <item name="Al" weight="2" next="cm">Al</item>
    <item name="Al" weight="2" next="ec">Al</item>
    <item name="Al" next="ex">Al</item>
    <item name="Al" next="oa">Al</item>
    <item name="Al" weight="2" next="ph">Al</item>
    <item name="Al" next="cy">Al</item>
    <item name="am" weight="5" next="an">am</item>
    <item name="am" next="ry">am</item>
    <item name="am" next="bo">am</item>
    <item name="am" next="nu">am</item>
    <item name="am" next="no">am</item>
    <item name="am" next="mo">am</item>
    <item name="Am" next="ar">Am</item>
    <item name="Am" weight="2" next="al">Am</item>
    <item name="Am" weight="3" next="ph">Am</item>
    <item name="Am" next="ym">Am</item>
    <item name="Am" next="pe">Am</item>
    <item name="an">an</item>
    <item name="an" weight="4" next="dr">an</item>
    <item name="an" weight="3" next="th">an</item>
    <item name="an" next="ot">an</item>
    <item name="an" weight="2" next="at">an</item>
    <item name="an" next="de">an</item>
    <item name="an" weight="2" next="ta">an</item>
    <item name="an" next="ke">an</item>
    <item name="an" next="ia">an</item>
    <item name="an" next="us">an</item>
    <item name="An" weight="3" next="ti">An</item>
    <item name="An" weight="2" next="ta">An</item>
    <item name="An" next="an">An</item>
    <item name="An" next="te">An</item>
    <item name="An" next="dr">An</item>
    <item name="ao" weight="2" next="s ">ao</item>
    <item name="ap" next="iu">ap</item>
    <item name="ap" next="ho">ap</item>
    <item name="ap" next="hu">ap</item>
    <item name="ap" weight="2" next="hr">ap</item>
    <item name="Ap" next="hr">Ap</item>
    <item name="Ap" weight="2" next="ol">Ap</item>
    <item name="Ap" next="at">Ap</item>
    <item name="ar" weight="2" next="yb">ar</item>
    <item name="ar" next="os">ar</item>
    <item name="ar" weight="2" next="on">ar</item>
    <item name="ar" next="it">ar</item>
    <item name="ar" next="us">ar</item>
    <item name="ar" next="eo">ar</item>
    <item name="ar" next="yn">ar</item>
    <item name="Ar" next="et">Ar</item>
    <item name="Ar" next="es">Ar</item>
    <item name="Ar" next="io">Ar</item>
    <item name="Ar" next="ge">Ar</item>
    <item name="Ar" next="eo">Ar</item>
    <item name="Ar" next="ac">Ar</item>
    <item name="Ar" next="gu">Ar</item>
    <item name="Ar" next="ca">Ar</item>
    <item name="Ar" next="ia">Ar</item>
    <item name="Ar" weight="3" next="is">Ar</item>
    <item name="Ar" next="te">Ar</item>
    <item name="Ar" next="ka">Ar</item>
    <item name="as" weight="4">as</item>
    <item name="as" next="sa">as</item>
    <item name="As" weight="2" next="tr">As</item>
    <item name="As" next="cl">As</item>
    <item name="As" next="kl">As</item>
    <item name="As" next="op">As</item>
    <item name="As" weight="2" next="te">As</item>
    <item name="at" next="os">at</item>
    <item name="at" next="us">at</item>
    <item name="at" next="o ">at</item>
    <item name="at" next="ia">at</item>
    <item name="at" next="e ">at</item>
    <item name="At" weight="2" next="la">At</item>
    <item name="At" next="al">At</item>
    <item name="At" next="e ">At</item>
    <item name="At" next="ro">At</item>
    <item name="At" weight="2" next="ha">At</item>
    <item name="At" next="tr">At</item>
    <item name="At" next="ti">At</item>
    <item name="At" weight="2" next="he">At</item>
    <item name="au" next="ma">au</item>
    <item name="au" next="cu">au</item>
    <item name="Au" next="ra">Au</item>
    <item name="Au" weight="2" next="to">Au</item>
    <item name="Au" next="xe">Au</item>
    <item name="av" next="e ">av</item>
    <item name="ba" next="zi">ba</item>
    <item name="Ba" weight="2" next="cc">Ba</item>
    <item name="Ba" next="li">Ba</item>
    <item name="be" weight="3">be</item>
    <item name="be" weight="2" next="le">be</item>
    <item name="Be" next="ll">Be</item>
    <item name="bi" next="a ">bi</item>
    <item name="Bi" next="as">Bi</item>
    <item name="Bi" next="a ">Bi</item>
    <item name="bo" next="s ">bo</item>
    <item name="Bo" weight="2" next="re">Bo</item>
    <item name="Br" next="om">Br</item>
    <item name="Br" weight="2" next="ia">Br</item>
    <item name="by" next="ls">by</item>
    <item name="by" next="l ">by</item>
    <item name="ca" weight="2" next="to">ca</item>
    <item name="ca" next="te">ca</item>
    <item name="ca" next="s ">ca</item>
    <item name="Ca" next="ss">Ca</item>
    <item name="Ca" next="ly">Ca</item>
    <item name="Ca" weight="2" next="ll">Ca</item>
    <item name="Ca" next="lc">Ca</item>
    <item name="Ca" next="la">Ca</item>
    <item name="Ca" weight="2" next="en">Ca</item>
    <item name="Ca" next="st">Ca</item>
    <item name="Ca" next="dm">Ca</item>
    <item name="cc" weight="2" next="ha">cc</item>
    <item name="cc" next="hu">cc</item>
    <item name="ce" next="ma">ce</item>
    <item name="ce" weight="3">ce</item>
    <item name="ce" next="a ">ce</item>
    <item name="Ce" next="cr">Ce</item>
    <item name="Ce" next="la">Ce</item>
    <item name="Ce" next="lo">Ce</item>
    <item name="Ce" next="ne">Ce</item>
    <item name="Ce" next="rb">Ce</item>
    <item name="Ce" next="rc">Ce</item>
    <item name="Ce" next="ri">Ce</item>
    <item name="Ce" next="ry">Ce</item>
    <item name="Ce" next="to">Ce</item>
    <item name="ch" next="es">ch</item>
    <item name="ch" next="or">ch</item>
    <item name="ch" next="eu">ch</item>
    <item name="ch" next="e ">ch</item>
    <item name="ch" next="ei">ch</item>
    <item name="ch" next="os">ch</item>
    <item name="Ch" weight="3" next="ar">Ch</item>
    <item name="Ch" weight="2" next="im">Ch</item>
    <item name="Ch" next="io">Ch</item>
    <item name="Ch" weight="2" next="lo">Ch</item>
    <item name="Ch" next="ir">Ch</item>
    <item name="Ch" next="ei">Ch</item>
    <item name="Ch" next="th">Ch</item>
    <item name="Ch" next="ao">Ch</item>
    <item name="Ch" weight="2" next="ro">Ch</item>
    <item name="Ch" next="el">Ch</item>
    <item name="ci" next="de">ci</item>
    <item name="Ci" next="rc">Ci</item>
    <item name="cl" next="ep">cl</item>
    <item name="cl" weight="2" next="es">cl</item>
    <item name="cl" next="ea">cl</item>
    <item name="cl" weight="2" next="op">cl</item>
    <item name="Cl" next="io">Cl</item>
    <item name="Cl" next="ot">Cl</item>
    <item name="Cl" next="ym">Cl</item>
    <item name="cm" weight="2" next="en">cm</item>
    <item name="Co" weight="2" next="ty">Co</item>
    <item name="Co" next="tt">Co</item>
    <item name="Co" next="mu">Co</item>
    <item name="Co" next="lt">Co</item>
    <item name="Co" next="eu">Co</item>
    <item name="cr" next="op">cr</item>
    <item name="Cr" next="et">Cr</item>
    <item name="Cr" next="iu">Cr</item>
    <item name="Cr" weight="2" next="on">Cr</item>
    <item name="cu" next="ri">cu</item>
    <item name="cu" weight="2" next="s ">cu</item>
    <item name="cy" next="on">cy</item>
    <item name="cy" next="s ">cy</item>
    <item name="Cy" weight="2" next="cl">Cy</item>
    <item name="Cy" next="nt">Cy</item>
    <item name="Cy" next="be">Cy</item>
    <item name="Cy" next="th">Cy</item>
    <item name="Cy" next="re">Cy</item>
    <item name="da" next="rk">da</item>
    <item name="da" next="rg">da</item>
    <item name="da" weight="2" next="e ">da</item>
    <item name="da">da</item>
    <item name="Da" next="ph">Da</item>
    <item name="Da" next="na">Da</item>
    <item name="de" next="a ">de</item>
    <item name="de" next="uc">de</item>
    <item name="de" next="st">de</item>
    <item name="de" next="r ">de</item>
    <item name="de">de</item>
    <item name="de" weight="14" next="s ">de</item>
    <item name="De" next="uk">De</item>
    <item name="De" next="lp">De</item>
    <item name="De" next="lo">De</item>
    <item name="De" next="in">De</item>
    <item name="De" next="uc">De</item>
    <item name="De" next="mp">De</item>
    <item name="De" next="me">De</item>
    <item name="De" weight="2" next="im">De</item>
    <item name="De" next="o ">De</item>
    <item name="De" next="sp">De</item>
    <item name="di" weight="2" next="s ">di</item>
    <item name="di" next="ce">di</item>
    <item name="di" next="st">di</item>
    <item name="Di" next="os">Di</item>
    <item name="Di" next="ce">Di</item>
    <item name="Di" weight="3" next="on">Di</item>
    <item name="Di" next="th">Di</item>
    <item name="Di" next="ke">Di</item>
    <item name="dm" next="os">dm</item>
    <item name="dm" next="us">dm</item>
    <item name="dn" next="e ">dn</item>
    <item name="dn" weight="2" next="a ">dn</item>
    <item name="do" next="s ">do</item>
    <item name="do" next="us">do</item>
    <item name="Do" next="ri">Do</item>
    <item name="dr" weight="2" next="ya">dr</item>
    <item name="dr" weight="3" next="a ">dr</item>
    <item name="dr" next="om">dr</item>
    <item name="dr" weight="2" next="ia">dr</item>
    <item name="dr" next="os">dr</item>
    <item name="dr" next="us">dr</item>
    <item name="Dr" weight="2" next="ya">Dr</item>
    <item name="ds" weight="8">ds</item>
    <item name="du" next="sa">du</item>
    <item name="e " weight="56">e </item>
    <item name="ea" next="no">ea</item>
    <item name="ea" next="nu">ea</item>
    <item name="ea" next="ds">ea</item>
    <item name="ea" weight="3" next="ni">ea</item>
    <item name="ea" next="de">ea</item>
    <item name="ea" weight="11">ea</item>
    <item name="eb" next="os">eb</item>
    <item name="eb" next="e ">eb</item>
    <item name="eb" next="us">eb</item>
    <item name="ec" next="to">ec</item>
    <item name="ec" weight="2" next="tr">ec</item>
    <item name="ec" next="ht">ec</item>
    <item name="Ec" next="ho">Ec</item>
    <item name="Ec" next="hi">Ec</item>
    <item name="ed" weight="2" next="o ">ed</item>
    <item name="ed" next="a ">ed</item>
    <item name="ed" next="on">ed</item>
    <item name="ei" weight="2" next="th">ei</item>
    <item name="ei" weight="2" next="os">ei</item>
    <item name="ei" weight="2" next="ro">ei</item>
    <item name="ei" next="o ">ei</item>
    <item name="ei" weight="3" next="ad">ei</item>
    <item name="ei" weight="7" next="a ">ei</item>
    <item name="ei" next="s ">ei</item>
    <item name="Ei" next="re">Ei</item>
    <item name="Ei" next="le">Ei</item>
    <item name="ek" next="tr">ek</item>
    <item name="Ek" next="ho">Ek</item>
    <item name="Ek" next="hi">Ek</item>
    <item name="el" weight="2" next="on">el</item>
    <item name="el" weight="2" next="ia">el</item>
    <item name="el" next="e ">el</item>
    <item name="el" next="xi">el</item>
    <item name="el" next="id">el</item>
    <item name="El" next="pi">El</item>
    <item name="El" next="ec">El</item>
    <item name="El" next="ek">El</item>
    <item name="El" next="eu">El</item>
    <item name="em" next="a ">em</item>
    <item name="em" next="e ">em</item>
    <item name="em" next="es">em</item>
    <item name="em" weight="3" next="os">em</item>
    <item name="em" next="us">em</item>
    <item name="em" next="is">em</item>
    <item name="Em" next="pu">Em</item>
    <item name="Em" weight="2" next="po">Em</item>
    <item name="en" next="os">en</item>
    <item name="en" next="eu">en</item>
    <item name="en" next="is">en</item>
    <item name="en" next="ad">en</item>
    <item name="en" weight="5" next="e ">en</item>
    <item name="en" next="o ">en</item>
    <item name="en" next="es">en</item>
    <item name="en" next="us">en</item>
    <item name="en" next="a ">en</item>
    <item name="En" next="os">En</item>
    <item name="En" next="ya">En</item>
    <item name="En" next="yo">En</item>
    <item name="eo" weight="2" next="s ">eo</item>
    <item name="eo" weight="3" next="n ">eo</item>
    <item name="Eo" next="s ">Eo</item>
    <item name="ep" next="iu">ep</item>
    <item name="ep" next="ho">ep</item>
    <item name="ep" next="io">ep</item>
    <item name="ep" weight="2" next="ha">ep</item>
    <item name="Ep" next="hi">Ep</item>
    <item name="Ep" weight="2" next="io">Ep</item>
    <item name="Ep" weight="4" next="im">Ep</item>
    <item name="Ep" weight="2" next="ap">Ep</item>
    <item name="Ep" next="ip">Ep</item>
    <item name="er" weight="3">er</item>
    <item name="er" next="et">er</item>
    <item name="er" weight="2" next="op">er</item>
    <item name="er" next="te">er</item>
    <item name="er" weight="3" next="os">er</item>
    <item name="er" next="ia">er</item>
    <item name="er" next="kh">er</item>
    <item name="er" next="ea">er</item>
    <item name="er" weight="2" next="id">er</item>
    <item name="er" weight="2" next="ch">er</item>
    <item name="er" next="ie">er</item>
    <item name="er" next="is">er</item>
    <item name="er" weight="2" next="a ">er</item>
    <item name="er" weight="2" next="us">er</item>
    <item name="Er" weight="3" next="yt">Er</item>
    <item name="Er" weight="2" next="in">Er</item>
    <item name="Er" weight="3" next="ic">Er</item>
    <item name="Er" next="ot">Er</item>
    <item name="Er" next="os">Er</item>
    <item name="Er" next="at">Er</item>
    <item name="Er" weight="2" next="eb">Er</item>
    <item name="Er" next="ec">Er</item>
    <item name="Er" next="is">Er</item>
    <item name="es" weight="2" next="is">es</item>
    <item name="es" weight="39">es</item>
    <item name="es" next="eu">es</item>
    <item name="et" weight="2" next="he">et</item>
    <item name="et" weight="3" next="e ">et</item>
    <item name="et" next="iu">et</item>
    <item name="et" next="is">et</item>
    <item name="et" next="ie">et</item>
    <item name="et" next="ia">et</item>
    <item name="et" next="hu">et</item>
    <item name="et" next="or">et</item>
    <item name="et" next="an">et</item>
    <item name="et" next="ys">et</item>
    <item name="et" next="ho">et</item>
    <item name="Et" next="he">Et</item>
    <item name="eu" next="th">eu</item>
    <item name="eu" weight="12" next="s ">eu</item>
    <item name="Eu" next="no">Eu</item>
    <item name="Eu" next="me">Eu</item>
    <item name="Eu" next="ph">Eu</item>
    <item name="Eu" next="te">Eu</item>
    <item name="Eu" weight="2" next="ro">Eu</item>
    <item name="Eu" weight="5" next="ry">Eu</item>
    <item name="Eu" next="ru">Eu</item>
    <item name="ex" next="an">ex</item>
    <item name="Fa" next="te">Fa</item>
    <item name="Fu" next="ri">Fu</item>
    <item name="ga" next="eo">ga</item>
    <item name="ga" next="so">ga</item>
    <item name="ga" next="su">ga</item>
    <item name="Ga" weight="2" next="ny">Ga</item>
    <item name="Ga" next="le">Ga</item>
    <item name="Ga" next="ie">Ga</item>
    <item name="Ga" next="ia">Ga</item>
    <item name="Ga" next="ea">Ga</item>
    <item name="Ga">Ga</item>
    <item name="ge" next="s ">ge</item>
    <item name="ge" next="ia">ge</item>
    <item name="ge" next="os">ge</item>
    <item name="Ge">Ge</item>
    <item name="Ge" next="yr">Ge</item>
    <item name="Ge" weight="2" next="ry">Ge</item>
    <item name="gi" next="ei">gi</item>
    <item name="gi" next="na">gi</item>
    <item name="gi" next="a ">gi</item>
    <item name="gl" weight="2" next="e ">gl</item>
    <item name="Gl" next="au">Gl</item>
    <item name="go">go</item>
    <item name="Go" next="rg">Go</item>
    <item name="gr" next="os">gr</item>
    <item name="Gr" next="ac">Gr</item>
    <item name="Gr" next="at">Gr</item>
    <item name="Gr" next="ae">Gr</item>
    <item name="Gr" weight="2" next="ai">Gr</item>
    <item name="gu" next="s ">gu</item>
    <item name="Gy" next="ge">Gy</item>
    <item name="Gy" next="es">Gy</item>
    <item name="ha" next="gi">ha</item>
    <item name="ha" next="e ">ha</item>
    <item name="ha" next="mu">ha</item>
    <item name="ha" next="ma">ha</item>
    <item name="ha" next="i ">ha</item>
    <item name="ha" next="ss">ha</item>
    <item name="ha" next="s ">ha</item>
    <item name="ha">ha</item>
    <item name="ha" next="nt">ha</item>
    <item name="ha" next="ne">ha</item>
    <item name="Ha" next="de">Ha</item>
    <item name="Ha" next="id">Ha</item>
    <item name="Ha" next="lc">Ha</item>
    <item name="Ha" weight="2" next="ma">Ha</item>
    <item name="Ha" weight="2" next="rm">Ha</item>
    <item name="Ha" weight="4" next="rp">Ha</item>
    <item name="he">he</item>
    <item name="he" next="ia">he</item>
    <item name="he" next="ne">he</item>
    <item name="he" next="na">he</item>
    <item name="he" next="ro">he</item>
    <item name="he" next="r ">he</item>
    <item name="he" weight="2" next="lo">he</item>
    <item name="he" weight="2" next="ir">he</item>
    <item name="he" next="no">he</item>
    <item name="he" next="is">he</item>
    <item name="he" weight="5" next="us">he</item>
    <item name="He" weight="9" next="sp">He</item>
    <item name="He" weight="3" next="rm">He</item>
    <item name="He" weight="3" next="ra">He</item>
    <item name="He" weight="2" next="me">He</item>
    <item name="He" weight="3" next="li">He</item>
    <item name="He" next="le">He</item>
    <item name="He" weight="2" next="ka">He</item>
    <item name="He" next="be">He</item>
    <item name="He" next="st">He</item>
    <item name="He" weight="2" next="ph">He</item>
    <item name="He" weight="3" next="ca">He</item>
    <item name="hi" weight="3" next="a ">hi</item>
    <item name="hi" weight="2" next="dn">hi</item>
    <item name="hi" weight="2" next="ne">hi</item>
    <item name="hi" next="re">hi</item>
    <item name="hi" next="nx">hi</item>
    <item name="hi" next="cl">hi</item>
    <item name="hi" next="ll">hi</item>
    <item name="hi" next="al">hi</item>
    <item name="Hi" weight="4" next="pp">Hi</item>
    <item name="Hi" next="me">Hi</item>
    <item name="hn" next="e ">hn</item>
    <item name="ho" next="us">ho</item>
    <item name="ho" weight="2" next="ne">ho</item>
    <item name="ho" weight="2" next="ni">ho</item>
    <item name="ho" weight="2" next="s ">ho</item>
    <item name="ho" next="e ">ho</item>
    <item name="ho" weight="2" next="n ">ho</item>
    <item name="ho" weight="4">ho</item>
    <item name="Ho" next="pe">Ho</item>
    <item name="Ho" weight="2" next="ra">Ho</item>
    <item name="hr" weight="2" next="ed">hr</item>
    <item name="hr" weight="3" next="od">hr</item>
    <item name="hs">hs</item>
    <item name="ht" weight="4" next="ho">ht</item>
    <item name="ht" next="he">ht</item>
    <item name="hu" next="sa">hu</item>
    <item name="hu" weight="4" next="s ">hu</item>
    <item name="hy" next="ne">hy</item>
    <item name="hy" weight="3" next="ia">hy</item>
    <item name="hy" next="mn">hy</item>
    <item name="hy" next="ea">hy</item>
    <item name="Hy" next="ge">Hy</item>
    <item name="Hy" weight="3" next="dr">Hy</item>
    <item name="Hy" next="gi">Hy</item>
    <item name="Hy" weight="3" next="me">Hy</item>
    <item name="Hy" weight="2" next="pp">Hy</item>
    <item name="Hy" next="ad">Hy</item>
    <item name="Hy" weight="2" next="pn">Hy</item>
    <item name="Hy" weight="2" next="ac">Hy</item>
    <item name="Hy" next="pe">Hy</item>
    <item name="Hy" next="ak">Hy</item>
    <item name="i " weight="4">i </item>
    <item name="ia" next="e ">ia</item>
    <item name="ia" next="nd">ia</item>
    <item name="ia" next="po">ia</item>
    <item name="ia" weight="23">ia</item>
    <item name="ia" weight="4" next="de">ia</item>
    <item name="ia" next="gr">ia</item>
    <item name="ia" weight="4" next="ds">ia</item>
    <item name="ia" next="pu">ia</item>
    <item name="ia" next="dn">ia</item>
    <item name="ia" next="s ">ia</item>
    <item name="ia" weight="2" next="re">ia</item>
    <item name="Ia" next="cc">Ia</item>
    <item name="Ia" next="mb">Ia</item>
    <item name="Ia" weight="2" next="pe">Ia</item>
    <item name="ic" weight="4" next="ht">ic</item>
    <item name="id" weight="6" next="es">id</item>
    <item name="id" weight="2" next="s ">id</item>
    <item name="id" next="on">id</item>
    <item name="id" next="al">id</item>
    <item name="ie" next="s ">ie</item>
    <item name="ie" next="on">ie</item>
    <item name="ie" next="a ">ie</item>
    <item name="ie" weight="3">ie</item>
    <item name="il" next="am">il</item>
    <item name="il" weight="2" next="yr">il</item>
    <item name="il" next="om">il</item>
    <item name="il" next="en">il</item>
    <item name="Il" next="yt">Il</item>
    <item name="Il" next="it">Il</item>
    <item name="im" weight="3" next="el">im</item>
    <item name="im" next="ae">im</item>
    <item name="im" next="et">im</item>
    <item name="im" next="os">im</item>
    <item name="im" next="ai">im</item>
    <item name="im" next="er">im</item>
    <item name="im" weight="2" next="on">im</item>
    <item name="im" next="us">im</item>
    <item name="in" next="ye">in</item>
    <item name="in" next="ys">in</item>
    <item name="in" weight="3" next="th">in</item>
    <item name="in" weight="2" next="o ">in</item>
    <item name="In" next="o ">In</item>
    <item name="In" next="ac">In</item>
    <item name="io" weight="3" next="ne">io</item>
    <item name="io" weight="2" next="pe">io</item>
    <item name="io" weight="7" next="s ">io</item>
    <item name="io">io</item>
    <item name="io" weight="6" next="n ">io</item>
    <item name="io" next="na">io</item>
    <item name="Io">Io</item>
    <item name="Io" next="n ">Io</item>
    <item name="ip" next="ha">ip</item>
    <item name="ip" weight="2" next="to">ip</item>
    <item name="Ip" next="hi">Ip</item>
    <item name="ir" weight="2" next="es">ir</item>
    <item name="ir" next="en">ir</item>
    <item name="ir" next="ai">ir</item>
    <item name="ir" next="ae">ir</item>
    <item name="ir" next="on">ir</item>
    <item name="Ir" next="en">Ir</item>
    <item name="Ir" next="is">Ir</item>
    <item name="is" weight="2" next="ta">is</item>
    <item name="is" next="te">is</item>
    <item name="is" weight="14">is</item>
    <item name="is" weight="2" next="to">is</item>
    <item name="it" weight="2" next="os">it</item>
    <item name="it" weight="2" next="on">it</item>
    <item name="it" next="es">it</item>
    <item name="it" next="us">it</item>
    <item name="it" next="ri">it</item>
    <item name="it" next="e ">it</item>
    <item name="it" next="ry">it</item>
    <item name="it" weight="4" next="hy">it</item>
    <item name="iu" weight="4" next="s ">iu</item>
    <item name="ka" next="te">ka</item>
    <item name="ka" next="s ">ka</item>
    <item name="ka" next="to">ka</item>
    <item name="Ka" next="dm">Ka</item>
    <item name="Ka" next="la">Ka</item>
    <item name="Ka" weight="2" next="ll">Ka</item>
    <item name="Ka" next="ly">Ka</item>
    <item name="ke" weight="3">ke</item>
    <item name="ke" next="ia">ke</item>
    <item name="Ke" next="rb">Ke</item>
    <item name="Ke" next="kr">Ke</item>
    <item name="Ke" next="la">Ke</item>
    <item name="Ke" next="re">Ke</item>
    <item name="Ke" next="rk">Ke</item>
    <item name="Ke" next="to">Ke</item>
    <item name="kh" next="e ">kh</item>
    <item name="kh" next="es">kh</item>
    <item name="kh" next="ei">kh</item>
    <item name="kh" next="or">kh</item>
    <item name="Kh" next="im">Kh</item>
    <item name="Kh" next="io">Kh</item>
    <item name="Kh" next="el">Kh</item>
    <item name="Kh" next="lo">Kh</item>
    <item name="Kh" next="ei">Kh</item>
    <item name="Kh" next="ro">Kh</item>
    <item name="Kh" weight="2" next="ar">Kh</item>
    <item name="Kh" next="ao">Kh</item>
    <item name="Ki" next="rk">Ki</item>
    <item name="kl" next="ia">kl</item>
    <item name="kl" next="es">kl</item>
    <item name="kl" next="op">kl</item>
    <item name="kl" next="ep">kl</item>
    <item name="Kl" next="ot">Kl</item>
    <item name="Kl" next="ym">Kl</item>
    <item name="Kl" next="ei">Kl</item>
    <item name="ko" next="s ">ko</item>
    <item name="ko" next="th">ko</item>
    <item name="Ko" next="tt">Ko</item>
    <item name="Ko" next="re">Ko</item>
    <item name="Ko" next="mo">Ko</item>
    <item name="Ko" next="io">Ko</item>
    <item name="kr" next="op">kr</item>
    <item name="Kr" weight="2" next="on">Kr</item>
    <item name="Kr" next="io">Kr</item>
    <item name="ky" next="s ">ky</item>
    <item name="Ky" next="kl">Ky</item>
    <item name="Ky" next="be">Ky</item>
    <item name="Ky" next="re">Ky</item>
    <item name="l ">l </item>
    <item name="la" next="s ">la</item>
    <item name="la" next="in">la</item>
    <item name="la" next="nt">la</item>
    <item name="la" next="en">la</item>
    <item name="la" weight="2">la</item>
    <item name="la" weight="2" next="ur">la</item>
    <item name="la" next="ia">la</item>
    <item name="la" next="ea">la</item>
    <item name="la" weight="2" next="is">la</item>
    <item name="La" next="ch">La</item>
    <item name="La" next="mi">La</item>
    <item name="La" next="er">La</item>
    <item name="La" next="kh">La</item>
    <item name="La" weight="2" next="mp">La</item>
    <item name="lc" next="yo">lc</item>
    <item name="lc" next="ha">lc</item>
    <item name="lc" next="hi">lc</item>
    <item name="le" next="ne">le</item>
    <item name="le" next="no">le</item>
    <item name="le" next="mu">le</item>
    <item name="le" next="mo">le</item>
    <item name="le" next="ot">le</item>
    <item name="le" weight="3">le</item>
    <item name="le" next="n ">le</item>
    <item name="le" next="it">le</item>
    <item name="le" next="nu">le</item>
    <item name="Le" next="th">Le</item>
    <item name="Le" weight="2" next="im">Le</item>
    <item name="Le" next="to">Le</item>
    <item name="Le" next="da">Le</item>
    <item name="li" next="da">li</item>
    <item name="li" next="ai">li</item>
    <item name="li" next="ce">li</item>
    <item name="li" next="os">li</item>
    <item name="li" weight="3" next="ad">li</item>
    <item name="li" weight="4" next="us">li</item>
    <item name="Li" weight="2" next="mo">Li</item>
    <item name="Li" next="nu">Li</item>
    <item name="lk" next="hi">lk</item>
    <item name="ll" next="er">ll</item>
    <item name="ll" next="o ">ll</item>
    <item name="ll" next="es">ll</item>
    <item name="ll" weight="2" next="io">ll</item>
    <item name="ll" next="op">ll</item>
    <item name="ll" next="ux">ll</item>
    <item name="ll" weight="2" next="is">ll</item>
    <item name="ll" next="as">ll</item>
    <item name="lm" next="on">lm</item>
    <item name="lo" next="ps">lo</item>
    <item name="lo">lo</item>
    <item name="lo" next="n ">lo</item>
    <item name="lo" next="us">lo</item>
    <item name="lo" next="e ">lo</item>
    <item name="lo" next="is">lo</item>
    <item name="lo" next="ne">lo</item>
    <item name="lo" next="s ">lo</item>
    <item name="lo" weight="2" next="ri">lo</item>
    <item name="lp" next="hy">lp</item>
    <item name="lp" next="om">lp</item>
    <item name="ls">ls</item>
    <item name="lt" next="us">lt</item>
    <item name="ly" weight="2" next="ps">ly</item>
    <item name="ly" weight="2" next="ph">ly</item>
    <item name="ly" next="mn">ly</item>
    <item name="ly" next="hy">ly</item>
    <item name="ly" next="ko">ly</item>
    <item name="ly" next="de">ly</item>
    <item name="ly" next="cu">ly</item>
    <item name="ma" next="us">ma</item>
    <item name="ma" weight="2" next="s ">ma</item>
    <item name="ma" next="na">ma</item>
    <item name="ma" weight="2" next="dr">ma</item>
    <item name="Ma" weight="2" next="ia">Ma</item>
    <item name="Ma" next="li">Ma</item>
    <item name="Ma" next="en">Ma</item>
    <item name="mb" next="e ">mb</item>
    <item name="me" next="ro">me</item>
    <item name="me" next="ni">me</item>
    <item name="me">me</item>
    <item name="me" weight="2" next="de">me</item>
    <item name="me" next="ra">me</item>
    <item name="me" next="n ">me</item>
    <item name="me" next="re">me</item>
    <item name="me" weight="2" next="na">me</item>
    <item name="me" next="te">me</item>
    <item name="me" next="le">me</item>
    <item name="me" next="si">me</item>
    <item name="Me" next="lp">Me</item>
    <item name="Me" weight="4" next="li">Me</item>
    <item name="Me" next="du">Me</item>
    <item name="Me" next="mn">Me</item>
    <item name="Me" next="do">Me</item>
    <item name="Me" next="de">Me</item>
    <item name="Me" next="an">Me</item>
    <item name="Me" next="ro">Me</item>
    <item name="Me" weight="2" next="no">Me</item>
    <item name="Me" next="ti">Me</item>
    <item name="mi" next="os">mi</item>
    <item name="mi" next="s ">mi</item>
    <item name="mi" weight="2" next="a ">mi</item>
    <item name="Mi" weight="2" next="no">Mi</item>
    <item name="mn" weight="2" next="ia">mn</item>
    <item name="mn" next="on">mn</item>
    <item name="Mn" next="em">Mn</item>
    <item name="mo" weight="3" next="s ">mo</item>
    <item name="mo" next="n ">mo</item>
    <item name="mo" weight="2" next="ni">mo</item>
    <item name="Mo" next="mo">Mo</item>
    <item name="Mo" next="mu">Mo</item>
    <item name="Mo" next="ps">Mo</item>
    <item name="Mo" weight="2" next="rm">Mo</item>
    <item name="Mo" weight="2" next="ir">Mo</item>
    <item name="Mo" next="rp">Mo</item>
    <item name="Mo" next="de">Mo</item>
    <item name="Mo" next="us">Mo</item>
    <item name="mp" weight="2" next="hr">mp</item>
    <item name="mp" next="ha">mp</item>
    <item name="mp" next="hs">mp</item>
    <item name="mp" weight="2" next="et">mp</item>
    <item name="mu" weight="4" next="s ">mu</item>
    <item name="Mu" next="se">Mu</item>
    <item name="My" next="ia">My</item>
    <item name="n " weight="21">n </item>
    <item name="na" weight="6">na</item>
    <item name="na" next="ke">na</item>
    <item name="na" next="ce">na</item>
    <item name="na" next="ie">na</item>
    <item name="na" next="e ">na</item>
    <item name="na" next="io">na</item>
    <item name="na" next="eu">na</item>
    <item name="Na" weight="3" next="ia">Na</item>
    <item name="nc" next="hi">nc</item>
    <item name="nc" next="he">nc</item>
    <item name="nd" next="or">nd</item>
    <item name="nd" next="ro">nd</item>
    <item name="nd" next="em">nd</item>
    <item name="ne" weight="13">ne</item>
    <item name="ne" weight="2" next="us">ne</item>
    <item name="ne" next="o ">ne</item>
    <item name="ne" weight="4" next="s ">ne</item>
    <item name="Ne" next="ph">Ne</item>
    <item name="Ne" weight="3" next="re">Ne</item>
    <item name="Ne" next="me">Ne</item>
    <item name="ni" next="e ">ni</item>
    <item name="ni" next="us">ni</item>
    <item name="ni" next="os">ni</item>
    <item name="ni" next="ds">ni</item>
    <item name="ni" weight="2" next="ad">ni</item>
    <item name="ni" next="ti">ni</item>
    <item name="ni" weight="4" next="de">ni</item>
    <item name="ni" weight="2" next="a ">ni</item>
    <item name="Ni" next="ke">Ni</item>
    <item name="Ni" next="ko">Ni</item>
    <item name="Ni" next="ob">Ni</item>
    <item name="Ni" next="x ">Ni</item>
    <item name="nk" next="he">nk</item>
    <item name="nn" next="es">nn</item>
    <item name="no" next="it">no</item>
    <item name="no" next="e ">no</item>
    <item name="no" next="me">no</item>
    <item name="no" next="ta">no</item>
    <item name="no" next="ma">no</item>
    <item name="no">no</item>
    <item name="no" next="us">no</item>
    <item name="no" next="ne">no</item>
    <item name="no" weight="6" next="s ">no</item>
    <item name="no" next="et">no</item>
    <item name="no" next="mi">no</item>
    <item name="No" next="tu">No</item>
    <item name="No" next="to">No</item>
    <item name="No" next="na">No</item>
    <item name="No" next="mi">No</item>
    <item name="No" next="x ">No</item>
    <item name="ns" weight="2">ns</item>
    <item name="nt" next="al">nt</item>
    <item name="nt" next="hi">nt</item>
    <item name="nt" next="es">nt</item>
    <item name="nt" next="hu">nt</item>
    <item name="nt" next="ho">nt</item>
    <item name="nt" next="id">nt</item>
    <item name="nt" next="us">nt</item>
    <item name="nt" next="os">nt</item>
    <item name="nu" next="si">nu</item>
    <item name="nu" weight="4" next="s ">nu</item>
    <item name="nx" weight="2">nx</item>
    <item name="ny" weight="2" next="me">ny</item>
    <item name="Ny" next="x ">Ny</item>
    <item name="Ny" weight="2" next="mp">Ny</item>
    <item name="o " weight="16">o </item>
    <item name="oa" next="da">oa</item>
    <item name="Oa" next="nn">Oa</item>
    <item name="ob" next="os">ob</item>
    <item name="ob" next="et">ob</item>
    <item name="ob" next="us">ob</item>
    <item name="ob" next="e ">ob</item>
    <item name="Ob" next="ri">Ob</item>
    <item name="oc" next="ra">oc</item>
    <item name="Oc" weight="3" next="ea">Oc</item>
    <item name="Oc" next="yp">Oc</item>
    <item name="od" weight="3" next="it">od</item>
    <item name="od" next="e ">od</item>
    <item name="Od" next="ys">Od</item>
    <item name="oe" next="us">oe</item>
    <item name="oe" next="be">oe</item>
    <item name="oe">oe</item>
    <item name="oe" next="na">oe</item>
    <item name="Oe" weight="2" next="ag">Oe</item>
    <item name="Oe" next="no">Oe</item>
    <item name="oi" next="be">oi</item>
    <item name="Oi" next="no">Oi</item>
    <item name="Ok" weight="2" next="yp">Ok</item>
    <item name="Ok" next="yt">Ok</item>
    <item name="Ok" weight="2" next="ea">Ok</item>
    <item name="ol" weight="6" next="yt">ol</item>
    <item name="ol" weight="2" next="os">ol</item>
    <item name="ol" next="yk">ol</item>
    <item name="ol" next="us">ol</item>
    <item name="ol" weight="2" next="lo">ol</item>
    <item name="Ol" next="ym">Ol</item>
    <item name="om" next="ed">om</item>
    <item name="om" next="io">om</item>
    <item name="om" weight="2" next="en">om</item>
    <item name="om" next="et">om</item>
    <item name="Om" next="ph">Om</item>
    <item name="on" weight="3" next="us">on</item>
    <item name="on" next="is">on</item>
    <item name="on" weight="4" next="ia">on</item>
    <item name="on" next="y ">on</item>
    <item name="on" weight="2" next="ys">on</item>
    <item name="on" weight="15">on</item>
    <item name="on" weight="2" next="es">on</item>
    <item name="on" next="s ">on</item>
    <item name="on" next="eu">on</item>
    <item name="on" next="a ">on</item>
    <item name="on" weight="5" next="e ">on</item>
    <item name="on" weight="2" next="os">on</item>
    <item name="op" next="ho">op</item>
    <item name="op" weight="2" next="us">op</item>
    <item name="op" weight="4" next="es">op</item>
    <item name="op" weight="3" next="s ">op</item>
    <item name="op" weight="2" next="e ">op</item>
    <item name="op" next="os">op</item>
    <item name="or" next="a ">or</item>
    <item name="or" weight="2">or</item>
    <item name="or" next="cy">or</item>
    <item name="or" next="ky">or</item>
    <item name="or" weight="2" next="e ">or</item>
    <item name="Or" weight="2" next="ph">Or</item>
    <item name="Or" next="io">Or</item>
    <item name="Or" weight="4" next="ei">Or</item>
    <item name="Or" weight="2" next="it">Or</item>
    <item name="Or" weight="2" next="th">Or</item>
    <item name="Or" weight="2" next="ea">Or</item>
    <item name="os" next="yn">os</item>
    <item name="os" next="ph">os</item>
    <item name="os" weight="43">os</item>
    <item name="os" next="ic">os</item>
    <item name="os" next="cu">os</item>
    <item name="Os" next="sa">Os</item>
    <item name="ot" next="eu">ot</item>
    <item name="ot" weight="2" next="ho">ot</item>
    <item name="ot" weight="2" next="es">ot</item>
    <item name="ot" next="os">ot</item>
    <item name="Ot" next="us">Ot</item>
    <item name="ou" next="to">ou</item>
    <item name="ou" next="sa">ou</item>
    <item name="Ou" weight="2" next="ra">Ou</item>
    <item name="pa">pa</item>
    <item name="Pa" weight="2" next="si">Pa</item>
    <item name="Pa" weight="2" next="nd">Pa</item>
    <item name="Pa" next="eo">Pa</item>
    <item name="Pa" next="ie">Pa</item>
    <item name="Pa" weight="2" next="na">Pa</item>
    <item name="Pa" next="io">Pa</item>
    <item name="Pa" next="n ">Pa</item>
    <item name="Pa" next="ll">Pa</item>
    <item name="pe" next="to">pe</item>
    <item name="pe" next="ri">pe</item>
    <item name="pe" next="tu">pe</item>
    <item name="pe" weight="4">pe</item>
    <item name="pe" next="li">pe</item>
    <item name="Pe" weight="2" next="ga">Pe</item>
    <item name="Pe" next="lo">Pe</item>
    <item name="Pe" next="mp">Pe</item>
    <item name="Pe" weight="7" next="rs">Pe</item>
    <item name="Pe" weight="2" next="ni">Pe</item>
    <item name="Pe" next="te">Pe</item>
    <item name="ph" next="er">ph</item>
    <item name="ph" next="io">ph</item>
    <item name="ph" next="na">ph</item>
    <item name="ph" weight="3" next="yr">ph</item>
    <item name="ph" weight="2" next="it">ph</item>
    <item name="ph" weight="2" next="us">ph</item>
    <item name="ph" next="ro">ph</item>
    <item name="ph" next="on">ph</item>
    <item name="ph" weight="2" next="em">ph</item>
    <item name="ph" weight="2" next="eu">ph</item>
    <item name="ph" next="oe">ph</item>
    <item name="ph" next="al">ph</item>
    <item name="ph" next="el">ph</item>
    <item name="ph" weight="2" next="ae">ph</item>
    <item name="ph" next="eo">ph</item>
    <item name="ph" next="ai">ph</item>
    <item name="Ph" weight="3" next="em">Ph</item>
    <item name="Ph" next="os">Ph</item>
    <item name="Ph" weight="2" next="or">Ph</item>
    <item name="Ph" next="oi">Ph</item>
    <item name="Ph" next="oe">Ph</item>
    <item name="Ph" weight="3" next="ae">Ph</item>
    <item name="Ph" weight="3" next="ob">Ph</item>
    <item name="Ph" weight="4" next="il">Ph</item>
    <item name="Ph" next="an">Ph</item>
    <item name="pi" weight="3" next="s ">pi</item>
    <item name="Pl" next="ou">Pl</item>
    <item name="Pl" next="ei">Pl</item>
    <item name="Pl" next="ut">Pl</item>
    <item name="pn" next="os">pn</item>
    <item name="pn" next="us">pn</item>
    <item name="po" weight="2" next="us">po</item>
    <item name="po" weight="2" next="s ">po</item>
    <item name="Po" next="se">Po</item>
    <item name="Po" next="ru">Po</item>
    <item name="Po" weight="5" next="ly">Po</item>
    <item name="Po" next="ro">Po</item>
    <item name="Po" weight="2" next="da">Po</item>
    <item name="Po" next="ll">Po</item>
    <item name="Po" weight="2" next="nt">Po</item>
    <item name="pp" weight="6" next="ol">pp</item>
    <item name="Pr" next="ot">Pr</item>
    <item name="Pr" weight="2" next="ia">Pr</item>
    <item name="Pr" next="om">Pr</item>
    <item name="ps">ps</item>
    <item name="ps" weight="2" next="o ">ps</item>
    <item name="ps" next="us">ps</item>
    <item name="Ps" next="yc">Ps</item>
    <item name="pu" weight="2" next="s ">pu</item>
    <item name="pu" next="sa">pu</item>
    <item name="Py" next="th">Py</item>
    <item name="Py" next="rr">Py</item>
    <item name="r " weight="5">r </item>
    <item name="ra" weight="6">ra</item>
    <item name="ra" weight="2" next="pi">ra</item>
    <item name="ra" next="cl">ra</item>
    <item name="ra" next="ul">ra</item>
    <item name="ra" weight="2" next="st">ra</item>
    <item name="ra" next="te">ra</item>
    <item name="ra" next="ni">ra</item>
    <item name="ra" weight="2" next="i ">ra</item>
    <item name="ra" next="e ">ra</item>
    <item name="ra" next="no">ra</item>
    <item name="ra" next="kl">ra</item>
    <item name="rb" weight="2" next="er">rb</item>
    <item name="rc" next="op">rc</item>
    <item name="rc" next="e ">rc</item>
    <item name="re" weight="3" next="ne">re</item>
    <item name="re" next="ad">re</item>
    <item name="re" next="os">re</item>
    <item name="re" weight="2" next="id">re</item>
    <item name="re" weight="2">re</item>
    <item name="re" next="as">re</item>
    <item name="re" weight="2" next="us">re</item>
    <item name="re" weight="2" next="s ">re</item>
    <item name="re" next="ns">re</item>
    <item name="rg" next="e ">rg</item>
    <item name="rg" next="on">rg</item>
    <item name="Rh" weight="2" next="am">Rh</item>
    <item name="Rh" next="ea">Rh</item>
    <item name="Rh" next="ei">Rh</item>
    <item name="Rh" weight="2" next="ad">Rh</item>
    <item name="ri" next="te">ri</item>
    <item name="ri" next="a ">ri</item>
    <item name="ri" next="e ">ri</item>
    <item name="ri" weight="3" next="s ">ri</item>
    <item name="ri">ri</item>
    <item name="ri" next="ar">ri</item>
    <item name="ri" next="on">ri</item>
    <item name="ri" next="go">ri</item>
    <item name="ri" next="es">ri</item>
    <item name="ri" next="nx">ri</item>
    <item name="rk" next="op">rk</item>
    <item name="rk" weight="2" next="e ">rk</item>
    <item name="rm" next="o ">rm</item>
    <item name="rm" weight="2" next="on">rm</item>
    <item name="rm" next="ol">rm</item>
    <item name="rm" weight="2" next="ap">rm</item>
    <item name="rm" next="es">rm</item>
    <item name="ro" next="sy">ro</item>
    <item name="ro" weight="3" next="n ">ro</item>
    <item name="ro" weight="5" next="s ">ro</item>
    <item name="ro" next="ta">ro</item>
    <item name="ro" next="to">ro</item>
    <item name="ro" next="pa">ro</item>
    <item name="ro" weight="2" next="no">ro</item>
    <item name="ro" next="nu">ro</item>
    <item name="ro" next="po">ro</item>
    <item name="ro" next="pe">ro</item>
    <item name="rp" next="he">rp</item>
    <item name="rp" next="oc">rp</item>
    <item name="rp" next="ie">rp</item>
    <item name="rp" weight="2" next="yi">rp</item>
    <item name="rp" next="ed">rp</item>
    <item name="rp" next="e ">rp</item>
    <item name="rp" weight="2" next="si">rp</item>
    <item name="rr" next="ha">rr</item>
    <item name="rs" weight="2" next="ep">rs</item>
    <item name="rs" next="e ">rs</item>
    <item name="rs" next="is">rs</item>
    <item name="rs" next="eu">rs</item>
    <item name="rs" next="ei">rs</item>
    <item name="rs" next="o ">rs</item>
    <item name="rt" weight="2" next="ar">rt</item>
    <item name="ru" weight="4" next="s ">ru</item>
    <item name="ry" next="st">ry</item>
    <item name="ry" next="al">ry</item>
    <item name="ry" next="ni">ry</item>
    <item name="ry" weight="3" next="on">ry</item>
    <item name="ry" next="di">ry</item>
    <item name="ry" next="no">ry</item>
    <item name="ry" next="bi">ry</item>
    <item name="ry" next="s ">ry</item>
    <item name="s " weight="146">s </item>
    <item name="sa" weight="6">sa</item>
    <item name="Sa" next="ra">Sa</item>
    <item name="Sa" next="ba">Sa</item>
    <item name="Sa" next="lm">Sa</item>
    <item name="Sa" next="rp">Sa</item>
    <item name="sc" next="ul">sc</item>
    <item name="Sc" next="yl">Sc</item>
    <item name="Sc" next="am">Sc</item>
    <item name="se" next="us">se</item>
    <item name="se" weight="2" next="s ">se</item>
    <item name="se" next="id">se</item>
    <item name="Se" next="il">Se</item>
    <item name="Se" next="ir">Se</item>
    <item name="Se" next="ra">Se</item>
    <item name="Se" next="le">Se</item>
    <item name="Se" next="me">Se</item>
    <item name="si" next="ch">si</item>
    <item name="si" next="ph">si</item>
    <item name="si" next="s ">si</item>
    <item name="si" weight="2" next="a ">si</item>
    <item name="si" next="kh">si</item>
    <item name="si" next="th">si</item>
    <item name="Si" next="re">Si</item>
    <item name="Si" weight="2" next="le">Si</item>
    <item name="Si" next="sy">Si</item>
    <item name="Si" next="to">Si</item>
    <item name="Si" weight="2" next="by">Si</item>
    <item name="Sk" next="am">Sk</item>
    <item name="Sk" next="yl">Sk</item>
    <item name="so" weight="2" next="s ">so</item>
    <item name="sp" weight="9" next="er">sp</item>
    <item name="sp" next="oe">sp</item>
    <item name="Sp" weight="3" next="er">Sp</item>
    <item name="Sp" next="hi">Sp</item>
    <item name="ss" next="a ">ss</item>
    <item name="ss" next="an">ss</item>
    <item name="st" next="ei">st</item>
    <item name="st" next="os">st</item>
    <item name="st" next="ia">st</item>
    <item name="st" next="he">st</item>
    <item name="st" next="es">st</item>
    <item name="st" next="or">st</item>
    <item name="st" next="y ">st</item>
    <item name="st" next="us">st</item>
    <item name="st" next="ea">st</item>
    <item name="St" next="er">St</item>
    <item name="St" next="yx">St</item>
    <item name="St" next="he">St</item>
    <item name="su" next="ch">su</item>
    <item name="su" next="s ">su</item>
    <item name="sy" next="ph">sy</item>
    <item name="sy" next="ne">sy</item>
    <item name="Sy" next="ri">Sy</item>
    <item name="ta" weight="2" next="eu">ta</item>
    <item name="ta" next="ns">ta</item>
    <item name="ta" weight="2">ta</item>
    <item name="ta" next="ni">ta</item>
    <item name="ta" next="ne">ta</item>
    <item name="ta" next="ra">ta</item>
    <item name="ta" next="ur">ta</item>
    <item name="ta" next="so">ta</item>
    <item name="ta" weight="2" next="io">ta</item>
    <item name="Ta" next="nt">Ta</item>
    <item name="Ta" next="yg">Ta</item>
    <item name="Ta" weight="2" next="rt">Ta</item>
    <item name="te" weight="2" next="ri">te</item>
    <item name="te" next="mi">te</item>
    <item name="te" next="ro">te</item>
    <item name="te" next="rp">te</item>
    <item name="te" weight="5" next="s ">te</item>
    <item name="te" next="as">te</item>
    <item name="te" next="su">te</item>
    <item name="te" weight="3">te</item>
    <item name="te" next="r ">te</item>
    <item name="Te" weight="2" next="rp">Te</item>
    <item name="Te" next="lk">Te</item>
    <item name="Te" next="th">Te</item>
    <item name="Te" next="lc">Te</item>
    <item name="th" next="ui">th</item>
    <item name="th" next="al">th</item>
    <item name="th" weight="3" next="er">th</item>
    <item name="th" next="yi">th</item>
    <item name="th" weight="4" next="on">th</item>
    <item name="th" next="ru">th</item>
    <item name="th" next="ei">th</item>
    <item name="th" next="ou">th</item>
    <item name="th" next="oe">th</item>
    <item name="th" weight="2" next="ys">th</item>
    <item name="th" weight="2" next="ia">th</item>
    <item name="th" next="e ">th</item>
    <item name="th" next="os">th</item>
    <item name="th" weight="3" next="ea">th</item>
    <item name="th" weight="4" next="us">th</item>
    <item name="th" weight="2">th</item>
    <item name="th" next="yr">th</item>
    <item name="th" next="es">th</item>
    <item name="Th" next="am">Th</item>
    <item name="Th" weight="3" next="al">Th</item>
    <item name="Th" next="ea">Th</item>
    <item name="Th" next="eb">Th</item>
    <item name="Th" next="ei">Th</item>
    <item name="Th" next="el">Th</item>
    <item name="Th" next="em">Th</item>
    <item name="Th" next="au">Th</item>
    <item name="Th" weight="2" next="et">Th</item>
    <item name="Th" next="es">Th</item>
    <item name="Th" weight="3" next="an">Th</item>
    <item name="ti" weight="3" next="s ">ti</item>
    <item name="ti" next="op">ti</item>
    <item name="ti" next="kl">ti</item>
    <item name="ti" next="cl">ti</item>
    <item name="Ti" next="th">Ti</item>
    <item name="Ti" weight="3" next="ta">Ti</item>
    <item name="tn" next="a ">tn</item>
    <item name="to" weight="2" next="nc">to</item>
    <item name="to" weight="2" next="ly">to</item>
    <item name="to" weight="2" next="le">to</item>
    <item name="to" next="nk">to</item>
    <item name="to" next="n ">to</item>
    <item name="to" next="ra">to</item>
    <item name="to" weight="3" next="s ">to</item>
    <item name="to" weight="7">to</item>
    <item name="tr" next="on">tr</item>
    <item name="tr" next="op">tr</item>
    <item name="tr" weight="2" next="ae">tr</item>
    <item name="tr" weight="2" next="a ">tr</item>
    <item name="Tr" weight="2" next="it">Tr</item>
    <item name="Tr" weight="2" next="ip">Tr</item>
    <item name="tt" next="os">tt</item>
    <item name="tt" next="o ">tt</item>
    <item name="tt" next="us">tt</item>
    <item name="tu" weight="2" next="s ">tu</item>
    <item name="ty" next="tt">ty</item>
    <item name="ty" next="s ">ty</item>
    <item name="Ty" next="ch">Ty</item>
    <item name="Ty" next="kh">Ty</item>
    <item name="Ty" weight="2" next="ph">Ty</item>
    <item name="uc" next="al">uc</item>
    <item name="uc" next="es">uc</item>
    <item name="ui" next="a ">ui</item>
    <item name="uk" next="al">uk</item>
    <item name="ul" next="ap">ul</item>
    <item name="ul" next="os">ul</item>
    <item name="Ul" next="ys">Ul</item>
    <item name="ur" next="os">ur</item>
    <item name="ur" next="us">ur</item>
    <item name="ur">ur</item>
    <item name="Ur" weight="2" next="an">Ur</item>
    <item name="us" next="ia">us</item>
    <item name="us" weight="59">us</item>
    <item name="us" weight="2" next="ai">us</item>
    <item name="us" weight="4" next="a ">us</item>
    <item name="ut" next="us">ut</item>
    <item name="ux">ux</item>
    <item name="x " weight="3">x </item>
    <item name="Xa" weight="2" next="nt">Xa</item>
    <item name="xe" next="si">xe</item>
    <item name="xi" next="no">xi</item>
    <item name="y " weight="2">y </item>
    <item name="ya" next="li">ya</item>
    <item name="ya" weight="2" next="ds">ya</item>
    <item name="ya" weight="2" next="de">ya</item>
    <item name="yb" weight="2" next="di">yb</item>
    <item name="yc" next="he">yc</item>
    <item name="ye" next="s ">ye</item>
    <item name="yg" next="et">yg</item>
    <item name="yi" next="ai">yi</item>
    <item name="yi" weight="2" next="a ">yi</item>
    <item name="yk" next="ei">yk</item>
    <item name="yl" weight="2" next="la">yl</item>
    <item name="ym" next="on">ym</item>
    <item name="ym" weight="2" next="en">ym</item>
    <item name="ym" next="pu">ym</item>
    <item name="yn" next="e ">yn</item>
    <item name="yn" next="th">yn</item>
    <item name="yo" next="ne">yo</item>
    <item name="yo">yo</item>
    <item name="yp" weight="2" next="et">yp</item>
    <item name="yp" next="od">yp</item>
    <item name="yr" next="us">yr</item>
    <item name="yr" next="am">yr</item>
    <item name="yr" next="os">yr</item>
    <item name="yr" next="a ">yr</item>
    <item name="yr" next="s ">yr</item>
    <item name="yr" next="on">yr</item>
    <item name="yr" next="e ">yr</item>
    <item name="ys" weight="2" next="se">ys</item>
    <item name="ys" weight="4">ys</item>
    <item name="ys" next="os">ys</item>
    <item name="ys" next="us">ys</item>
    <item name="yt" next="ho">yt</item>
    <item name="yt" weight="2" next="he">yt</item>
    <item name="yt" weight="2" next="a ">yt</item>
    <item name="yt" next="os">yt</item>
    <item name="yt" next="ta">yt</item>
    <item name="yt" next="us">yt</item>
    <item name="yt" next="e ">yt</item>
    <item name="yt" weight="2" next="hi">yt</item>
    <item name="yx">yx</item>
    <item name="Ze" weight="2" next="th">Ze</item>
    <item name="Ze" weight="3" next="ph">Ze</item>
    <item name="Ze" next="te">Ze</item>
    <item name="Ze" next="us">Ze</item>
    <item name="zi" next="us">zi</item>
  </items>
  <imports />
</Grammar>