<?xml version="1.0"?>
<Grammar xmlns:xsd="http://www.w3.org/2001/XMLSchema" xmlns:xsi="http://www.w3.org/2001/XMLSchema-instance" xsi:type="AssignmentGrammar">
  <name>Slavic Deities</name>
  <author>Lance Boudreaux</author>
  <description>Generates Slavic styled deity names</description>
  <tags>
    <tag>Name</tag>
    <tag>Deity</tag>
  </tags>
  <parameters />
  <supportsMaxLength>true</supportsMaxLength>
  <items>
    <item name="Start" weight="2">[Aj]</item>
    <item name="Start" weight="6">[Do]</item>
    <item name="Start">[On]</item>
    <item name="Start">[St]</item>
    <item name="Start">[Ng]</item>
    <item name="Start" weight="6">[Sv]</item>
    <item name="Start" weight="3">[Di]</item>
    <item name="Start" weight="2">[De]</item>
    <item name="Start" weight="3">[Da]</item>
    <item name="Start">[Cz]</item>
    <item name="Start">[Co]</item>
    <item name="Start">[Ne]</item>
    <item name="Start">[Tc]</item>
    <item name="Start">[Tr]</item>
    <item name="Start" weight="4">[Ch]</item>
    <item name="Start">[By]</item>
    <item name="Start">[Bu]</item>
    <item name="Start">[Ts]</item>
    <item name="Start">[Un]</item>
    <item name="Start" weight="3">[Bo]</item>
    <item name="Start">[Va]</item>
    <item name="Start" weight="2">[Na]</item>
    <item name="Start" weight="3">[Bi]</item>
    <item name="Start">[Ve]</item>
    <item name="Start" weight="5">[Ma]</item>
    <item name="Start" weight="6">[Vo]</item>
    <item name="Start" weight="2">[Mi]</item>
    <item name="Start" weight="4">[Mo]</item>
    <item name="Start">[Sm]</item>
    <item name="Start">[Si]</item>
    <item name="Start">[Ki]</item>
    <item name="Start" weight="6">[Po]</item>
    <item name="Start">[Py]</item>
    <item name="Start">[Pi]</item>
    <item name="Start" weight="2">[Qu]</item>
    <item name="Start" weight="4">[Ka]</item>
    <item name="Start" weight="5">[Pe]</item>
    <item name="Start" weight="3">[Pa]</item>
    <item name="Start" weight="7">[Ku]</item>
    <item name="Start" weight="2">[Ja]</item>
    <item name="Start" weight="2">[Ra]</item>
    <item name="Start">[Oy]</item>
    <item name="Start">[Il]</item>
    <item name="Start">[Ge]</item>
    <item name="Start">[Ov]</item>
    <item name="Start">[Ro]</item>
    <item name="Start" weight="5">[Ru]</item>
    <item name="Start">[Ot]</item>
    <item name="Start" weight="3">[Er]</item>
    <item name="Start">[Or]</item>
    <item name="Start" weight="2">[Dz]</item>
    <item name="Start" weight="6">[Le]</item>
    <item name="Start">[Se]</item>
    <item name="Start">[Dv]</item>
    <item name="Start">[Du]</item>
    <item name="Start" weight="2">[Sl]</item>
    <item name="Start" weight="4">[Be]</item>
    <item name="Start" weight="6">[Ko]</item>
    <item name="Start">[Au]</item>
    <item name="Start">[Za]</item>
    <item name="Start">[As]</item>
    <item name="Start">[Ya]</item>
    <item name="Start">[Ay]</item>
    <item name="Start">[Ar]</item>
    <item name="Start" weight="6">[Zo]</item>
    <item name="Start">[We]</item>
    <item name="Start" weight="8">[Al]</item>
    <item name="Start" weight="3">[Ba]</item>
    <item name="Start">[An]</item>
    <item name="Start">[Zl]</item>
    <item name="Start">[Zm]</item>
    <item name=" G" weight="2" next="or"> G</item>
    <item name=" I" next="ga"> I</item>
    <item name=" J" next="ag"> J</item>
    <item name=" M" next="ur"> M</item>
    <item name=" O" next="ra"> O</item>
    <item name=" S" next="el"> S</item>
    <item name=" S" weight="2" next="yr"> S</item>
    <item name=" Y" next="ag"> Y</item>
    <item name="a " next="Ma">a </item>
    <item name="a " next="Da">a </item>
    <item name="a " weight="3" next="Ba">a </item>
    <item name="a " next="Ve">a </item>
    <item name="a " next="Ut">a </item>
    <item name="a " weight="2" next="Ze">a </item>
    <item name="a " weight="20">a </item>
    <item name="a " next="Po">a </item>
    <item name="ab" next="a ">ab</item>
    <item name="ab" next="ab">ab</item>
    <item name="ad" weight="3" next="a ">ad</item>
    <item name="ag" weight="2" next="a ">ag</item>
    <item name="ai">ai</item>
    <item name="ai" next="a ">ai</item>
    <item name="Aj" weight="2" next="ys">Aj</item>
    <item name="ak" next="ho">ak</item>
    <item name="al" next="ki">al</item>
    <item name="Al" next="ma">Al</item>
    <item name="Al" next="kh">Al</item>
    <item name="Al" weight="3" next="ba">Al</item>
    <item name="Al" next="kl">Al</item>
    <item name="Al" next="ic">Al</item>
    <item name="Al" next="ko">Al</item>
    <item name="an" next="do">an</item>
    <item name="an" next="te">an</item>
    <item name="an" next="s ">an</item>
    <item name="an" next="oi">an</item>
    <item name="an" next="oy">an</item>
    <item name="An" next="ap">An</item>
    <item name="ap" next="el">ap</item>
    <item name="ar" weight="2" next="og">ar</item>
    <item name="ar" next="iz">ar</item>
    <item name="Ar" next="ak">Ar</item>
    <item name="as" next="sz">as</item>
    <item name="As" next=" I">As</item>
    <item name="at" next="ab">at</item>
    <item name="at" next="a ">at</item>
    <item name="Au" next="tr">Au</item>
    <item name="ay" next="a ">ay</item>
    <item name="Ay" next="sy">Ay</item>
    <item name="ba" next=" J">ba</item>
    <item name="ba" weight="3">ba</item>
    <item name="ba" next=" Y">ba</item>
    <item name="ba" weight="3" next="st">ba</item>
    <item name="Ba" next="nn">Ba</item>
    <item name="Ba" weight="5" next="ba">Ba</item>
    <item name="Be" next="la">Be</item>
    <item name="Be" next="lu">Be</item>
    <item name="Be" next="lo">Be</item>
    <item name="Be" next="re">Be</item>
    <item name="Be" next="ss">Be</item>
    <item name="Bi" weight="2" next="el">Bi</item>
    <item name="Bi" next="lo">Bi</item>
    <item name="bo" weight="9" next="g ">bo</item>
    <item name="bo" next="ld">bo</item>
    <item name="Bo" weight="3" next="ga">Bo</item>
    <item name="Bu" next="ga">Bu</item>
    <item name="By" next="el">By</item>
    <item name="ch" weight="2" next="er">ch</item>
    <item name="ch" next="na">ch</item>
    <item name="ch">ch</item>
    <item name="Ch" weight="2" next="le">Ch</item>
    <item name="Ch" weight="2" next="er">Ch</item>
    <item name="ck" next="ol">ck</item>
    <item name="Co" next="ll">Co</item>
    <item name="Cz" next="er">Cz</item>
    <item name="d ">d </item>
    <item name="da" weight="2">da</item>
    <item name="Da" next="zb">Da</item>
    <item name="Da" next="zh">Da</item>
    <item name="Da" next="vo">Da</item>
    <item name="Da" next="sb">Da</item>
    <item name="de" next="k ">de</item>
    <item name="de" next="ga">de</item>
    <item name="De" next="de">De</item>
    <item name="De" next="vo">De</item>
    <item name="De" next="va">De</item>
    <item name="di" weight="2" next="ne">di</item>
    <item name="di" next="ga">di</item>
    <item name="Di" next="lw">Di</item>
    <item name="Di" weight="2" next="vj">Di</item>
    <item name="dn" next="ik">dn</item>
    <item name="do" next="ly">do</item>
    <item name="do" next="vi">do</item>
    <item name="do" next="s ">do</item>
    <item name="Do" weight="3" next="mo">Do</item>
    <item name="Do" next="ma">Do</item>
    <item name="Do" next="la">Do</item>
    <item name="Do" next="ly">Do</item>
    <item name="Du" next="gn">Du</item>
    <item name="Dv" next="or">Dv</item>
    <item name="dy" weight="2" next="an">dy</item>
    <item name="Dz" weight="2" next="ie">Dz</item>
    <item name="e " next="De">e </item>
    <item name="e " weight="2">e </item>
    <item name="eb" next="og">eb</item>
    <item name="ed" next="a ">ed</item>
    <item name="ei" next=" G">ei</item>
    <item name="el" next="eb">el</item>
    <item name="el" weight="2" next="ob">el</item>
    <item name="el" next="ia">el</item>
    <item name="el">el</item>
    <item name="en" next="to">en</item>
    <item name="en" next="a ">en</item>
    <item name="er" next="ny">er</item>
    <item name="er" next="un">er</item>
    <item name="er" next="na">er</item>
    <item name="er" weight="3" next="no">er</item>
    <item name="Er" next="il">Er</item>
    <item name="Er" next="is">Er</item>
    <item name="Er" next="iv">Er</item>
    <item name="et" next="s ">et</item>
    <item name="ev" next="it">ev</item>
    <item name="ey" next=" G">ey</item>
    <item name="ey">ey</item>
    <item name="g " weight="9">g </item>
    <item name="ga" weight="2" next="st">ga</item>
    <item name="ga" weight="2">ga</item>
    <item name="ga" next="ti">ga</item>
    <item name="ga" weight="2" next="ty">ga</item>
    <item name="Ge" next="ro">Ge</item>
    <item name="gi" next="ny">gi</item>
    <item name="gi" next="ev">gi</item>
    <item name="gn" next="ai">gn</item>
    <item name="gy" next="bo">gy</item>
    <item name="h " weight="5">h </item>
    <item name="ha" next="tk">ha</item>
    <item name="ha" weight="4">ha</item>
    <item name="he" weight="2" next="i ">he</item>
    <item name="he" next="rn">he</item>
    <item name="hi">hi</item>
    <item name="ho">ho</item>
    <item name="hv" next="or">hv</item>
    <item name="i " weight="7">i </item>
    <item name="i " next="Be">i </item>
    <item name="ia" next="ni">ia</item>
    <item name="ia">ia</item>
    <item name="ic" next="ha">ic</item>
    <item name="ic" weight="2">ic</item>
    <item name="ic" next="a ">ic</item>
    <item name="ic" weight="3" next="h ">ic</item>
    <item name="ie" next="wo">ie</item>
    <item name="ie" next="wa">ie</item>
    <item name="ig" next="la">ig</item>
    <item name="ik" next="il">ik</item>
    <item name="ik" next="in">ik</item>
    <item name="ik" weight="4">ik</item>
    <item name="il" next="o ">il</item>
    <item name="il">il</item>
    <item name="Il" next="ya">Il</item>
    <item name="im" next="pe">im</item>
    <item name="im" next="pa">im</item>
    <item name="im" weight="2" next="po">im</item>
    <item name="im" next="pu">im</item>
    <item name="in" weight="2" next="na">in</item>
    <item name="in" next="ni">in</item>
    <item name="ir" next="va">ir</item>
    <item name="is">is</item>
    <item name="is" next="hv">is</item>
    <item name="it" weight="2">it</item>
    <item name="iv" next="or">iv</item>
    <item name="iz" next="ic">iz</item>
    <item name="Ja" next="ri">Ja</item>
    <item name="Ja" next="ro">Ja</item>
    <item name="k " weight="6">k </item>
    <item name="Ka" next="me">Ka</item>
    <item name="Ka" weight="2" next="le">Ka</item>
    <item name="Ka" next="mc">Ka</item>
    <item name="kh" next="a ">kh</item>
    <item name="ki" next="mo">ki</item>
    <item name="ki">ki</item>
    <item name="Ki" next="ki">Ki</item>
    <item name="kj" weight="2" next="e ">kj</item>
    <item name="kl" next="ha">kl</item>
    <item name="ko" next="no">ko</item>
    <item name="ko" weight="2" next="s ">ko</item>
    <item name="ko" weight="2" next="sh">ko</item>
    <item name="Ko" weight="2" next="sc">Ko</item>
    <item name="Ko" next="lj">Ko</item>
    <item name="Ko" next="li">Ko</item>
    <item name="Ko" next="le">Ko</item>
    <item name="Ko" next="ly">Ko</item>
    <item name="ku" next="sa">ku</item>
    <item name="ku">ku</item>
    <item name="ku" weight="2" next="la">ku</item>
    <item name="Ku" next="tc">Ku</item>
    <item name="Ku" next="tq">Ku</item>
    <item name="Ku" weight="3" next="tk">Ku</item>
    <item name="Ku" weight="2" next="pa">Ku</item>
    <item name="l " weight="2">l </item>
    <item name="la" next=" S">la</item>
    <item name="la" weight="3">la</item>
    <item name="la" next="v ">la</item>
    <item name="la" next="bo">la</item>
    <item name="ld" next="og">ld</item>
    <item name="le" weight="2" next="s ">le</item>
    <item name="le" weight="2" next="vn">le</item>
    <item name="le" next="wi">le</item>
    <item name="le" weight="2" next="da">le</item>
    <item name="le" next="do">le</item>
    <item name="le" next="vi">le</item>
    <item name="le" next="vo">le</item>
    <item name="Le" weight="2" next="so">Le</item>
    <item name="Le" weight="2" next="sh">Le</item>
    <item name="Le" next="sc">Le</item>
    <item name="Le" next="sn">Le</item>
    <item name="li" next="ad">li</item>
    <item name="lj" next="ad">lj</item>
    <item name="lk" next="y ">lk</item>
    <item name="lk" next="i ">lk</item>
    <item name="lk" next="a ">lk</item>
    <item name="lk" next="h ">lk</item>
    <item name="ll" next="ed">ll</item>
    <item name="ll" next="o ">ll</item>
    <item name="ll" next="u ">ll</item>
    <item name="lo" weight="2" next="bo">lo</item>
    <item name="lo" weight="3">lo</item>
    <item name="lo" next="s ">lo</item>
    <item name="lt" next="ri">lt</item>
    <item name="lu" next="s ">lu</item>
    <item name="lu" next="n ">lu</item>
    <item name="lu" next="no">lu</item>
    <item name="lw" next="ic">lw</item>
    <item name="ly" next="ad">ly</item>
    <item name="ly" weight="2" next="a ">ly</item>
    <item name="m " weight="2">m </item>
    <item name="ma" next="s ">ma</item>
    <item name="ma" next="ni">ma</item>
    <item name="ma" weight="2" next="rg">ma</item>
    <item name="Ma" next="ri">Ma</item>
    <item name="Ma" next="ry">Ma</item>
    <item name="Ma" weight="3" next="ti">Ma</item>
    <item name="Ma" next="ko">Ma</item>
    <item name="mc" next="ha">mc</item>
    <item name="me" next="nn">me</item>
    <item name="me" next="rt">me</item>
    <item name="Mi" weight="2" next="ku">Mi</item>
    <item name="ml" weight="2" next="ya">ml</item>
    <item name="ml" next="ia">ml</item>
    <item name="mo" next="ra">mo</item>
    <item name="mo" next="vi">mo</item>
    <item name="mo" weight="2" next="vo">mo</item>
    <item name="Mo" next="ku">Mo</item>
    <item name="Mo" weight="3" next="ko">Mo</item>
    <item name="mp" next="t ">mp</item>
    <item name="n " weight="4">n </item>
    <item name="na" next="bo">na</item>
    <item name="na" weight="2">na</item>
    <item name="na" next="ya">na</item>
    <item name="na" next="qu">na</item>
    <item name="na" next="ku">na</item>
    <item name="Na" next="gy">Na</item>
    <item name="Na" next="tr">Na</item>
    <item name="ne" weight="2" next="s ">ne</item>
    <item name="Ne" next="do">Ne</item>
    <item name="Ng" next="a ">Ng</item>
    <item name="ni" next="a ">ni</item>
    <item name="ni" next="no">ni</item>
    <item name="ni">ni</item>
    <item name="ni" next="k ">ni</item>
    <item name="nn" next="ik">nn</item>
    <item name="nn" next="ya">nn</item>
    <item name="nn" next="ai">nn</item>
    <item name="nn" next="a ">nn</item>
    <item name="no" next="ch">no</item>
    <item name="no" next="vi">no</item>
    <item name="no" weight="3" next="bo">no</item>
    <item name="no" next="st">no</item>
    <item name="ns">ns</item>
    <item name="ny" next="en">ny</item>
    <item name="ny">ny</item>
    <item name="ny" next="ay">ny</item>
    <item name="ny" next="i ">ny</item>
    <item name="o " weight="2">o </item>
    <item name="ob" weight="3" next="og">ob</item>
    <item name="og" weight="7">og</item>
    <item name="og" next="ic">og</item>
    <item name="og" next="as">og</item>
    <item name="oi" weight="2">oi</item>
    <item name="ol" next="s ">ol</item>
    <item name="om" next="et">om</item>
    <item name="on" next="y ">on</item>
    <item name="On" next="di">On</item>
    <item name="or" weight="2" next="yn">or</item>
    <item name="or" next="ov">or</item>
    <item name="or" weight="2" next="sh">or</item>
    <item name="or" next="un">or</item>
    <item name="Or" next="an">Or</item>
    <item name="ot" next="a ">ot</item>
    <item name="Ot" next="sh">Ot</item>
    <item name="ov" next="oi">ov</item>
    <item name="Ov" next="in">Ov</item>
    <item name="oy">oy</item>
    <item name="Oy" next="ny">Oy</item>
    <item name="pa" next="lo">pa</item>
    <item name="pa" next="la">pa</item>
    <item name="pa" next="s ">pa</item>
    <item name="Pa" next="tr">Pa</item>
    <item name="Pa" weight="2" next="to">Pa</item>
    <item name="pe">pe</item>
    <item name="Pe" weight="2" next="ro">Pe</item>
    <item name="Pe" weight="2" next="ru">Pe</item>
    <item name="Pe" next="ck">Pe</item>
    <item name="Pi" next="or">Pi</item>
    <item name="po" weight="2">po</item>
    <item name="Po" next="lt">Po</item>
    <item name="Po" weight="3" next="le">Po</item>
    <item name="Po" weight="2" next="tr">Po</item>
    <item name="Po" next="lu">Po</item>
    <item name="pu" next="s ">pu</item>
    <item name="Py" next="er">Py</item>
    <item name="qu">qu</item>
    <item name="Qu" weight="2" next="ik">Qu</item>
    <item name="r " weight="2">r </item>
    <item name="ra">ra</item>
    <item name="ra" next="ze">ra</item>
    <item name="ra" next="ns">ra</item>
    <item name="Ra" next="de">Ra</item>
    <item name="Ra" next="di">Ra</item>
    <item name="re" next="gi">re</item>
    <item name="re" next="nn">re</item>
    <item name="rg" weight="2" next="l ">rg</item>
    <item name="ri" weight="2" next="lo">ri</item>
    <item name="ri" next="a ">ri</item>
    <item name="ri">ri</item>
    <item name="ri" next="mp">ri</item>
    <item name="ri" next="bo">ri</item>
    <item name="rn" next="ob">rn</item>
    <item name="ro" next="n ">ro</item>
    <item name="ro" next="m ">ro</item>
    <item name="ro" weight="2" next="vi">ro</item>
    <item name="Ro" next="d ">Ro</item>
    <item name="rp" next="ul">rp</item>
    <item name="rt" next="ny">rt</item>
    <item name="ru" next="sa">ru</item>
    <item name="ru" next="n ">ru</item>
    <item name="Ru" next="ss">Ru</item>
    <item name="Ru" weight="3" next="sa">Ru</item>
    <item name="Ru" next="gi">Ru</item>
    <item name="ry" next=" O">ry</item>
    <item name="ry" weight="4" next="a ">ry</item>
    <item name="ry" weight="2" next="i ">ry</item>
    <item name="s " weight="15">s </item>
    <item name="sa" next="n ">sa</item>
    <item name="sa">sa</item>
    <item name="sa" weight="3" next="lk">sa</item>
    <item name="sb" next="og">sb</item>
    <item name="sc" weight="2" next="he">sc</item>
    <item name="sc" next="hi">sc</item>
    <item name="Se" next="ma">Se</item>
    <item name="sh" next="y ">sh</item>
    <item name="sh" next="ir">sh</item>
    <item name="sh" next="ey">sh</item>
    <item name="sh" weight="4">sh</item>
    <item name="si" next="m ">si</item>
    <item name="Si" next="ma">Si</item>
    <item name="Sl" weight="2" next="at">Sl</item>
    <item name="Sm" next="ei">Sm</item>
    <item name="sn" next="ik">sn</item>
    <item name="so" next="vy">so</item>
    <item name="so" next="vi">so</item>
    <item name="ss" next="al">ss</item>
    <item name="ss" next="me">ss</item>
    <item name="st" next="a ">st</item>
    <item name="st" next="y ">st</item>
    <item name="st" weight="4">st</item>
    <item name="St" next="ri">St</item>
    <item name="Sv" weight="3" next="ar">Sv</item>
    <item name="Sv" next="en">Sv</item>
    <item name="Sv" weight="2" next="an">Sv</item>
    <item name="sy" next="ra">sy</item>
    <item name="sy" next="t ">sy</item>
    <item name="sz" next="on">sz</item>
    <item name="t " weight="7">t </item>
    <item name="tc" next="ha">tc</item>
    <item name="Tc" next="he">Tc</item>
    <item name="te" next="ti">te</item>
    <item name="ti" next="t ">ti</item>
    <item name="ti" weight="2" next=" S">ti</item>
    <item name="ti" next="sy">ti</item>
    <item name="ti" next="r ">ti</item>
    <item name="tk" next="a ">tk</item>
    <item name="tk" next="h ">tk</item>
    <item name="tk" next="ha">tk</item>
    <item name="tk" next="in">tk</item>
    <item name="to" weight="2" next="ll">to</item>
    <item name="to" next="vi">to</item>
    <item name="tq">tq</item>
    <item name="tr" weight="5" next="im">tr</item>
    <item name="Tr" next="ig">Tr</item>
    <item name="Ts" next="ch">Ts</item>
    <item name="ty" next="ri">ty</item>
    <item name="ty" next="r ">ty</item>
    <item name="u ">u </item>
    <item name="ul" next="is">ul</item>
    <item name="un" weight="2">un</item>
    <item name="Un" next="di">Un</item>
    <item name="ur" next="om">ur</item>
    <item name="Ut" next="re">Ut</item>
    <item name="v ">v </item>
    <item name="va" next="ni">va</item>
    <item name="va" next="na">va</item>
    <item name="Va" next="rp">Va</item>
    <item name="Ve" next="le">Ve</item>
    <item name="Ve" next="ch">Ve</item>
    <item name="vi" next="ch">vi</item>
    <item name="vi" weight="3" next="k ">vi</item>
    <item name="vi" weight="4" next="t ">vi</item>
    <item name="vj" next="e ">vj</item>
    <item name="vj" next="a ">vj</item>
    <item name="vn" next="ic">vn</item>
    <item name="vn" next="ik">vn</item>
    <item name="vo" next="y ">vo</item>
    <item name="vo" weight="2" next="i ">vo</item>
    <item name="vo" weight="2" next="kj">vo</item>
    <item name="Vo" weight="2" next="dy">Vo</item>
    <item name="Vo" next="lu">Vo</item>
    <item name="Vo" next="lo">Vo</item>
    <item name="Vo" next="lk">Vo</item>
    <item name="Vo" next="dn">Vo</item>
    <item name="vy">vy</item>
    <item name="wa" next="nn">wa</item>
    <item name="We" next="le">We</item>
    <item name="wi" next="k ">wi</item>
    <item name="wo" next="na">wo</item>
    <item name="y " weight="5">y </item>
    <item name="ya" weight="4">ya</item>
    <item name="ya" next="ya">ya</item>
    <item name="ya" next=" M">ya</item>
    <item name="Ya" next="ri">Ya</item>
    <item name="yn" weight="2" next="ic">yn</item>
    <item name="yr" weight="2" next="a ">yr</item>
    <item name="ys" next="yt">ys</item>
    <item name="ys" next="it">ys</item>
    <item name="yt">yt</item>
    <item name="Za" next="ry">Za</item>
    <item name="zb" next="og">zb</item>
    <item name="ze" next="ml">ze</item>
    <item name="Ze" weight="2" next="ml">Ze</item>
    <item name="zh" next="bo">zh</item>
    <item name="Zl" next="ot">Zl</item>
    <item name="Zm" next="ey">Zm</item>
    <item name="Zo" weight="5" next="ry">Zo</item>
    <item name="Zo" next="si">Zo</item>
  </items>
  <imports />
</Grammar>