<?xml version="1.0"?>
<Grammar xmlns:xsd="http://www.w3.org/2001/XMLSchema" xmlns:xsi="http://www.w3.org/2001/XMLSchema-instance" xsi:type="AssignmentGrammar">
  <name>Indian Deity Name</name>
  <author>Lance Boudreaux</author>
  <description>Generates an Indian style deity name</description>
  <tags>
    <tag>Name</tag>
    <tag>Deity</tag>
  </tags>
  <parameters />
  <supportsMaxLength>true</supportsMaxLength>
  <items>
    <item name="Start" weight="3">[Ad]</item>
    <item name="Start" weight="4">[Hi]</item>
    <item name="Start">[Id]</item>
    <item name="Start" weight="2">[In]</item>
    <item name="Start" weight="6">[Ja]</item>
    <item name="Start">[Ju]</item>
    <item name="Start" weight="17">[Ka]</item>
    <item name="Start" weight="7">[Ha]</item>
    <item name="Start" weight="2">[Ki]</item>
    <item name="Start" weight="5">[Ku]</item>
    <item name="Start" weight="3">[La]</item>
    <item name="Start">[Lo]</item>
    <item name="Start" weight="16">[Ma]</item>
    <item name="Start">[Me]</item>
    <item name="Start">[Mi]</item>
    <item name="Start">[Ko]</item>
    <item name="Start">[Go]</item>
    <item name="Start" weight="8">[Ga]</item>
    <item name="Start" weight="2">[Dy]</item>
    <item name="Start" weight="2">[Av]</item>
    <item name="Start">[Ay]</item>
    <item name="Start" weight="4">[Ba]</item>
    <item name="Start" weight="10">[Bh]</item>
    <item name="Start" weight="2">[Bo]</item>
    <item name="Start" weight="5">[Br]</item>
    <item name="Start" weight="2">[Bu]</item>
    <item name="Start" weight="2">[Ca]</item>
    <item name="Start" weight="6">[Ch]</item>
    <item name="Start" weight="5">[Da]</item>
    <item name="Start" weight="6">[De]</item>
    <item name="Start" weight="10">[Dh]</item>
    <item name="Start">[Di]</item>
    <item name="Start">[Dr]</item>
    <item name="Start" weight="3">[Du]</item>
    <item name="Start">[Mm]</item>
    <item name="Start" weight="3">[Mu]</item>
    <item name="Start" weight="12">[Na]</item>
    <item name="Start" weight="4">[Ni]</item>
    <item name="Start">[Th]</item>
    <item name="Start">[Ti]</item>
    <item name="Start" weight="3">[Tr]</item>
    <item name="Start" weight="2">[Tv]</item>
    <item name="Start">[Ug]</item>
    <item name="Start">[Um]</item>
    <item name="Start">[Up]</item>
    <item name="Start">[Ur]</item>
    <item name="Start">[Us]</item>
    <item name="Start" weight="17">[Va]</item>
    <item name="Start" weight="2">[Ve]</item>
    <item name="Start" weight="10">[Vi]</item>
    <item name="Start">[Vr]</item>
    <item name="Start" weight="8">[Ya]</item>
    <item name="Start">[Yu]</item>
    <item name="Start" weight="4">[Ta]</item>
    <item name="Start">[At]</item>
    <item name="Start" weight="5">[Su]</item>
    <item name="Start">[So]</item>
    <item name="Start" weight="9">[Pa]</item>
    <item name="Start">[Pi]</item>
    <item name="Start" weight="6">[Pr]</item>
    <item name="Start" weight="7">[Pu]</item>
    <item name="Start" weight="2">[]</item>
    <item name="Start" weight="6">[Ra]</item>
    <item name="Start">[Rh]</item>
    <item name="Start" weight="4">[Ri]</item>
    <item name="Start">[Ro]</item>
    <item name="Start">[Rs]</item>
    <item name="Start" weight="4">[Ru]</item>
    <item name="Start" weight="15">[Sa]</item>
    <item name="Start" weight="9">[Sh]</item>
    <item name="Start" weight="4">[Si]</item>
    <item name="Start">[Sk]</item>
    <item name="Start">[Sr]</item>
    <item name="Start" weight="7">[As]</item>
    <item name="Start" weight="2">[Kr]</item>
    <item name="Start" weight="4">[Ag]</item>
    <item name="Start" weight="8">[Ar]</item>
    <item name="Start">[Ap]</item>
    <item name="Start" weight="8">[An]</item>
    <item name="Start" weight="4">[Am]</item>
    <item name=" P" next="ur"> P</item>
    <item name="a " next="Ma">a </item>
    <item name="a " weight="71">a </item>
    <item name="a " next="Ri">a </item>
    <item name="ab" next="ha">ab</item>
    <item name="ad" next="ra">ad</item>
    <item name="ad" next="ha">ad</item>
    <item name="Ad" weight="2" next="it">Ad</item>
    <item name="Ad" next="iv">Ad</item>
    <item name="ag" next="ir">ag</item>
    <item name="ag" next="a ">ag</item>
    <item name="Ag" next="ni">Ag</item>
    <item name="Ag" next="at">Ag</item>
    <item name="Ag" weight="2" next="as">Ag</item>
    <item name="ah" next="a ">ah</item>
    <item name="ah" next="la">ah</item>
    <item name="ah" weight="2" next="ma">ah</item>
    <item name="ai" next="ta">ai</item>
    <item name="aj" weight="2" next="ap">aj</item>
    <item name="ak" weight="2" next="as">ak</item>
    <item name="ak" next="sh">ak</item>
    <item name="ak" weight="2" next="a ">ak</item>
    <item name="ak" next="ti">ak</item>
    <item name="ak" next="ya">ak</item>
    <item name="al" next="ok">al</item>
    <item name="al" weight="2" next="in">al</item>
    <item name="al" next="ya">al</item>
    <item name="al" weight="2" next="a ">al</item>
    <item name="am" next="un">am</item>
    <item name="am" weight="5" next="a ">am</item>
    <item name="am" next="at">am</item>
    <item name="Am" next="bi">Am</item>
    <item name="Am" next="it">Am</item>
    <item name="Am" next="ri">Am</item>
    <item name="Am" next="ma">Am</item>
    <item name="an" next="va">an</item>
    <item name="an" next="ar">an</item>
    <item name="an" weight="6" next="i ">an</item>
    <item name="an" next="dr">an</item>
    <item name="an" weight="2" next="is">an</item>
    <item name="an" weight="2" next="ya">an</item>
    <item name="an" weight="3" next="a ">an</item>
    <item name="an" weight="3" next="da">an</item>
    <item name="an" next="at">an</item>
    <item name="an" weight="6">an</item>
    <item name="An" next="ja">An</item>
    <item name="An" weight="2" next="gi">An</item>
    <item name="An" next="na">An</item>
    <item name="An" next="an">An</item>
    <item name="An" next="um">An</item>
    <item name="An" next="ur">An</item>
    <item name="An" next="sa">An</item>
    <item name="ap" next="ri">ap</item>
    <item name="ap" next="an">ap</item>
    <item name="ap" weight="2" next="at">ap</item>
    <item name="ap" next="a ">ap</item>
    <item name="Ap" next="sa">Ap</item>
    <item name="ar" next="at">ar</item>
    <item name="ar" weight="2" next="an">ar</item>
    <item name="ar" next="ah">ar</item>
    <item name="ar" weight="3" next="a ">ar</item>
    <item name="ar" weight="5">ar</item>
    <item name="ar" weight="2" next="is">ar</item>
    <item name="ar" next="i ">ar</item>
    <item name="ar" next="ma">ar</item>
    <item name="ar" next="ta">ar</item>
    <item name="ar" weight="2" next="as">ar</item>
    <item name="Ar" next="an">Ar</item>
    <item name="Ar" next="ju">Ar</item>
    <item name="Ar" weight="2" next="un">Ar</item>
    <item name="Ar" next="ya">Ar</item>
    <item name="Ar" next="ym">Ar</item>
    <item name="Ar" next="dh">Ar</item>
    <item name="Ar" next="dr">Ar</item>
    <item name="as" next="ht">as</item>
    <item name="as" next="ta">as</item>
    <item name="as" weight="2" next="ty">as</item>
    <item name="as" next="su">as</item>
    <item name="as" weight="2" next="ti">as</item>
    <item name="as" next="pa">as</item>
    <item name="as" next="hi">as</item>
    <item name="as" next="ip">as</item>
    <item name="as" weight="12">as</item>
    <item name="As" next="ur">As</item>
    <item name="As" next="le">As</item>
    <item name="As" weight="2" next="hv">As</item>
    <item name="As" next="vi">As</item>
    <item name="As" weight="2" next="hw">As</item>
    <item name="at" next="u ">at</item>
    <item name="at" next="is">at</item>
    <item name="at" next="ri">at</item>
    <item name="at" weight="8" next="i ">at</item>
    <item name="at" next="ak">at</item>
    <item name="at" weight="2" next="ru">at</item>
    <item name="at" weight="2" next="es">at</item>
    <item name="at" weight="3" next="ha">at</item>
    <item name="at" next="hi">at</item>
    <item name="at" next="h ">at</item>
    <item name="at" next="th">at</item>
    <item name="at" weight="2" next="ar">at</item>
    <item name="at">at</item>
    <item name="at" next="a ">at</item>
    <item name="at" weight="2" next="tv">at</item>
    <item name="At" next="ri">At</item>
    <item name="au" next="pa">au</item>
    <item name="au" next="s ">au</item>
    <item name="av" weight="2" next="an">av</item>
    <item name="av" next="ap">av</item>
    <item name="av" next="ar">av</item>
    <item name="av" weight="2" next="as">av</item>
    <item name="av" next="at">av</item>
    <item name="Av" next="at">Av</item>
    <item name="Av" next="al">Av</item>
    <item name="aw" next="i ">aw</item>
    <item name="Ay" next="ya">Ay</item>
    <item name="b " next="Yu">b </item>
    <item name="Ba" weight="2" next="la">Ba</item>
    <item name="Ba" weight="2" next="li">Ba</item>
    <item name="be" next="ra">be</item>
    <item name="bh" next="us">bh</item>
    <item name="bh" next="i ">bh</item>
    <item name="Bh" weight="2" next="ag">Bh</item>
    <item name="Bh" next="im">Bh</item>
    <item name="Bh" next="ad">Bh</item>
    <item name="Bh" weight="2" next="ar">Bh</item>
    <item name="Bh" next="is">Bh</item>
    <item name="Bh" weight="2" next="ut">Bh</item>
    <item name="Bh" next="av">Bh</item>
    <item name="bi" next="sh">bi</item>
    <item name="bi" next="ka">bi</item>
    <item name="Bo" weight="2" next="dh">Bo</item>
    <item name="Br" next="ih">Br</item>
    <item name="Br" weight="2" next="ig">Br</item>
    <item name="Br" weight="2" next="ah">Br</item>
    <item name="Bu" next="dh">Bu</item>
    <item name="Bu" next="dd">Bu</item>
    <item name="Ca" weight="2" next="nd">Ca</item>
    <item name="ch" next="al">ch</item>
    <item name="ch" next="il">ch</item>
    <item name="ch">ch</item>
    <item name="ch" weight="2" next="i ">ch</item>
    <item name="Ch" next="it">Ch</item>
    <item name="Ch" next="in">Ch</item>
    <item name="Ch" next="ai">Ch</item>
    <item name="Ch" next="am">Ch</item>
    <item name="Ch" weight="2" next="an">Ch</item>
    <item name="da" weight="8">da</item>
    <item name="da" next="na">da</item>
    <item name="da" next="s ">da</item>
    <item name="da" next="tt">da</item>
    <item name="Da" next="ki">Da</item>
    <item name="Da" next="it">Da</item>
    <item name="Da" weight="3" next="ks">Da</item>
    <item name="dd" weight="3" next="ha">dd</item>
    <item name="de" weight="4" next="va">de</item>
    <item name="De" weight="2" next="vi">De</item>
    <item name="De" weight="4" next="va">De</item>
    <item name="dh" next="en">dh</item>
    <item name="dh" next="a ">dh</item>
    <item name="dh" next="ya">dh</item>
    <item name="dh" next="at">dh</item>
    <item name="dh" weight="3" next="is">dh</item>
    <item name="dh" next="an">dh</item>
    <item name="Dh" weight="2" next="an">Dh</item>
    <item name="Dh" weight="3" next="at">Dh</item>
    <item name="Dh" weight="3" next="ar">Dh</item>
    <item name="Dh" next="ri">Dh</item>
    <item name="Dh" next="ru">Dh</item>
    <item name="Di" next="ti">Di</item>
    <item name="dr" weight="2" next="an">dr</item>
    <item name="dr" next="i ">dr</item>
    <item name="dr" next="as">dr</item>
    <item name="dr" weight="5" next="a ">dr</item>
    <item name="dr" next="u ">dr</item>
    <item name="Dr" next="au">Dr</item>
    <item name="ds">ds</item>
    <item name="du" next="vu">du</item>
    <item name="Du" next="ry">Du</item>
    <item name="Du" weight="2" next="rg">Du</item>
    <item name="dy" next="a ">dy</item>
    <item name="Dy" next="av">Dy</item>
    <item name="Dy" next="au">Dy</item>
    <item name="en" next="u ">en</item>
    <item name="er" next="na">er</item>
    <item name="es" next="wa">es</item>
    <item name="es" next="va">es</item>
    <item name="es" next="hv">es</item>
    <item name="es" next="ha">es</item>
    <item name="ga" next="ra">ga</item>
    <item name="ga" next="s ">ga</item>
    <item name="Ga" weight="2" next="ne">Ga</item>
    <item name="Ga" next="ur">Ga</item>
    <item name="Ga" next="nd">Ga</item>
    <item name="Ga" next="ng">Ga</item>
    <item name="Ga" weight="3" next="ut">Ga</item>
    <item name="Ga" next="ru">Ga</item>
    <item name="gg" next="an">gg</item>
    <item name="gg" next="er">gg</item>
    <item name="gh" next="ma">gh</item>
    <item name="gh" next="na">gh</item>
    <item name="gi" weight="2" next="ra">gi</item>
    <item name="gi" next="na">gi</item>
    <item name="Go" next="mm">Go</item>
    <item name="gp" next="ut">gp</item>
    <item name="gr" weight="2" next="iv">gr</item>
    <item name="h " weight="2">h </item>
    <item name="ha" next="rv">ha</item>
    <item name="ha" weight="12">ha</item>
    <item name="ha" next="de">ha</item>
    <item name="ha" next="sa">ha</item>
    <item name="ha" next="ri">ha</item>
    <item name="ha" weight="2" next="s ">ha</item>
    <item name="ha" weight="2" next="ka">ha</item>
    <item name="ha" weight="2" next="ma">ha</item>
    <item name="ha" weight="2" next="rt">ha</item>
    <item name="ha" next="na">ha</item>
    <item name="ha" weight="3" next="ra">ha</item>
    <item name="ha" next="nk">ha</item>
    <item name="ha" next="ds">ha</item>
    <item name="Ha" next="nu">Ha</item>
    <item name="Ha" weight="4" next="ri">Ha</item>
    <item name="Ha" next="ya">Ha</item>
    <item name="Ha" next="ra">Ha</item>
    <item name="he" next="sh">he</item>
    <item name="hi" next="pu">hi</item>
    <item name="hi" next="ar">hi</item>
    <item name="hi" weight="2" next="s ">hi</item>
    <item name="hi" next="ka">hi</item>
    <item name="hi" weight="2" next="ni">hi</item>
    <item name="hi" next="ra">hi</item>
    <item name="hi">hi</item>
    <item name="Hi" weight="3" next="ra">Hi</item>
    <item name="Hi" next="ma">Hi</item>
    <item name="hm" next="an">hm</item>
    <item name="hm" next="i ">hm</item>
    <item name="hn" next="a ">hn</item>
    <item name="ht" next="ri">ht</item>
    <item name="ht" next="hi">ht</item>
    <item name="ht" next="a ">ht</item>
    <item name="ht" next="ha">ht</item>
    <item name="hu" weight="2">hu</item>
    <item name="hu" next="s ">hu</item>
    <item name="hu" next="na">hu</item>
    <item name="hv" next="in">hv</item>
    <item name="hv" next="at">hv</item>
    <item name="hv" weight="2" next="ar">hv</item>
    <item name="hw" weight="2" next="at">hw</item>
    <item name="i " weight="3" next="Ma">i </item>
    <item name="i " next="Ga">i </item>
    <item name="i " weight="39">i </item>
    <item name="ib" next="us">ib</item>
    <item name="Id" next="a ">Id</item>
    <item name="ig" weight="2" next="hu">ig</item>
    <item name="ih" next="as">ih</item>
    <item name="ik" weight="4" next="a ">ik</item>
    <item name="il" next="ot">il</item>
    <item name="im" next="a ">im</item>
    <item name="im" next="ur">im</item>
    <item name="in" next="s ">in</item>
    <item name="in" next="na">in</item>
    <item name="in" weight="3" next="i ">in</item>
    <item name="in" next="av">in</item>
    <item name="in">in</item>
    <item name="in" next="da">in</item>
    <item name="In" weight="2" next="dr">In</item>
    <item name="ip" next="u ">ip</item>
    <item name="ir" next="at">ir</item>
    <item name="is" next="hn">is</item>
    <item name="is" weight="2" next="at">is</item>
    <item name="is" next="th">is</item>
    <item name="is" weight="3" next="ht">is</item>
    <item name="is" next="ma">is</item>
    <item name="is" next="ni">is</item>
    <item name="is" weight="3">is</item>
    <item name="is" next="ha">is</item>
    <item name="is" next="as">is</item>
    <item name="is" next="a ">is</item>
    <item name="is" next="hi">is</item>
    <item name="is" next="hv">is</item>
    <item name="it" next="al">it</item>
    <item name="it" next="re">it</item>
    <item name="it" weight="2" next="ya">it</item>
    <item name="it" next="es">it</item>
    <item name="it" next="hi">it</item>
    <item name="it" weight="2" next="i ">it</item>
    <item name="it" next="hu">it</item>
    <item name="it" weight="2" next="ra">it</item>
    <item name="it" next="a ">it</item>
    <item name="it" next="u ">it</item>
    <item name="it" next="ab">it</item>
    <item name="iv" next="i ">iv</item>
    <item name="iv" next="it">iv</item>
    <item name="iv" next="ar">iv</item>
    <item name="iv" weight="3" next="a ">iv</item>
    <item name="j ">j </item>
    <item name="ja">ja</item>
    <item name="ja" next="na">ja</item>
    <item name="Ja" next="ta">Ja</item>
    <item name="Ja" weight="2" next="mb">Ja</item>
    <item name="Ja" next="gg">Ja</item>
    <item name="Ja" next="ra">Ja</item>
    <item name="Ja" next="la">Ja</item>
    <item name="ji">ji</item>
    <item name="jr" next="ap">jr</item>
    <item name="ju" next="na">ju</item>
    <item name="Ju" next="gg">Ju</item>
    <item name="ka" next="rm">ka</item>
    <item name="ka" weight="2" next="pu">ka</item>
    <item name="ka" next="pa">ka</item>
    <item name="ka" next=" P">ka</item>
    <item name="ka" next="s ">ka</item>
    <item name="ka" weight="6">ka</item>
    <item name="ka" next="la">ka</item>
    <item name="ka" next="n ">ka</item>
    <item name="ka" next="rn">ka</item>
    <item name="Ka" weight="2" next="us">Ka</item>
    <item name="Ka" next="lk">Ka</item>
    <item name="Ka" next="li">Ka</item>
    <item name="Ka" next="rn">Ka</item>
    <item name="Ka" next="sy">Ka</item>
    <item name="Ka" next="ns">Ka</item>
    <item name="Ka" next="dr">Ka</item>
    <item name="Ka" next="du">Ka</item>
    <item name="Ka" next="ta">Ka</item>
    <item name="Ka" next="tu">Ka</item>
    <item name="Ka" next="ur">Ka</item>
    <item name="Ka" weight="2" next="ma">Ka</item>
    <item name="Ka" next="la">Ka</item>
    <item name="Ka" next="ms">Ka</item>
    <item name="Ka" next="rt">Ka</item>
    <item name="ki" next="ni">ki</item>
    <item name="ki" weight="3">ki</item>
    <item name="ki" next="la">ki</item>
    <item name="Ki" next="nn">Ki</item>
    <item name="Ki" next="st">Ki</item>
    <item name="km" next="in">km</item>
    <item name="Ko" next="rr">Ko</item>
    <item name="Kr" next="is">Kr</item>
    <item name="Kr" next="at">Kr</item>
    <item name="ks" next="he">ks</item>
    <item name="ks" next="mi">ks</item>
    <item name="ks" weight="2" next="a ">ks</item>
    <item name="ks" weight="2" next="hm">ks</item>
    <item name="ks" weight="3" next="ha">ks</item>
    <item name="kt" next="i ">kt</item>
    <item name="kt" next="as">kt</item>
    <item name="ku" next="la">ku</item>
    <item name="Ku" next="be">Ku</item>
    <item name="Ku" next="mb">Ku</item>
    <item name="Ku" next="nd">Ku</item>
    <item name="Ku" next="nt">Ku</item>
    <item name="Ku" next="rm">Ku</item>
    <item name="l " weight="3">l </item>
    <item name="la" next="nd">la</item>
    <item name="la" weight="3">la</item>
    <item name="la" next="s ">la</item>
    <item name="la" next="ra">la</item>
    <item name="la" next="ne">la</item>
    <item name="la" next="ji">la</item>
    <item name="la" next="l ">la</item>
    <item name="la" weight="2" next="st">la</item>
    <item name="la" next="ha">la</item>
    <item name="la" weight="3" next="ka">la</item>
    <item name="la" next="da">la</item>
    <item name="La" weight="3" next="ks">La</item>
    <item name="le" next="sa">le</item>
    <item name="li" weight="3">li</item>
    <item name="li" next="n ">li</item>
    <item name="lk" next="i ">lk</item>
    <item name="Lo" next="ka">Lo</item>
    <item name="m " weight="2">m </item>
    <item name="ma" next="na">ma</item>
    <item name="ma" weight="2" next="va">ma</item>
    <item name="ma" next="st">ma</item>
    <item name="ma" next="dh">ma</item>
    <item name="ma" weight="10">ma</item>
    <item name="ma" weight="4" next="n ">ma</item>
    <item name="Ma" next="nd">Ma</item>
    <item name="Ma" next="ts">Ma</item>
    <item name="Ma" next="ru">Ma</item>
    <item name="Ma" weight="2" next="ta">Ma</item>
    <item name="Ma" weight="3" next="ri">Ma</item>
    <item name="Ma" next="ra">Ma</item>
    <item name="Ma" next="nu">Ma</item>
    <item name="Ma" next="ns">Ma</item>
    <item name="Ma" next="ya">Ma</item>
    <item name="Ma" weight="2" next="ha">Ma</item>
    <item name="Ma" weight="2" next="it">Ma</item>
    <item name="Ma" next="ch">Ma</item>
    <item name="Ma" next="dy">Ma</item>
    <item name="Ma" next="dr">Ma</item>
    <item name="Ma" next="na">Ma</item>
    <item name="mb" next="ha">mb</item>
    <item name="mb" next="a ">mb</item>
    <item name="mb" weight="2" next="av">mb</item>
    <item name="me" next="ru">me</item>
    <item name="Me" next="ru">Me</item>
    <item name="mh" next="a ">mh</item>
    <item name="mi" weight="3" next="tr">mi</item>
    <item name="mi" weight="2">mi</item>
    <item name="Mi" next="tr">Mi</item>
    <item name="mm" next="at">mm</item>
    <item name="mm" next="m ">mm</item>
    <item name="Mm" next="mm">Mm</item>
    <item name="ms" next="a ">ms</item>
    <item name="mu" next="ni">mu</item>
    <item name="mu" next="na">mu</item>
    <item name="mu" next="s ">mu</item>
    <item name="Mu" next="ch">Mu</item>
    <item name="Mu" next="dr">Mu</item>
    <item name="Mu" next="ru">Mu</item>
    <item name="n " weight="6">n </item>
    <item name="na" next="ut">na</item>
    <item name="na" weight="10">na</item>
    <item name="na" next="s ">na</item>
    <item name="na" next="ta">na</item>
    <item name="na" next="de">na</item>
    <item name="na">na</item>
    <item name="na" next="yi">na</item>
    <item name="na" next="sa">na</item>
    <item name="na" next="ma">na</item>
    <item name="na" next="pu">na</item>
    <item name="Na" weight="4" next="ra">Na</item>
    <item name="Na" next="ga">Na</item>
    <item name="Na" next="gi">Na</item>
    <item name="Na" next="ku">Na</item>
    <item name="Na" weight="5" next="nd">Na</item>
    <item name="nc" weight="2" next="ik">nc</item>
    <item name="nd" next="av">nd</item>
    <item name="nd" next="u ">nd</item>
    <item name="nd" weight="2" next="al">nd</item>
    <item name="nd" next="is">nd</item>
    <item name="nd" weight="2" next="ra">nd</item>
    <item name="nd" weight="2" next="in">nd</item>
    <item name="nd" next="i ">nd</item>
    <item name="nd" next="hi">nd</item>
    <item name="nd" weight="2" next="ha">nd</item>
    <item name="ne" next="ra">ne</item>
    <item name="ne" weight="2" next="sh">ne</item>
    <item name="ne" next="mi">ne</item>
    <item name="ng" next="ik">ng</item>
    <item name="ng" next="a ">ng</item>
    <item name="ng" next="h ">ng</item>
    <item name="nh" next="a ">nh</item>
    <item name="ni" weight="8">ni</item>
    <item name="Ni" next="rv">Ni</item>
    <item name="Ni" weight="3" next="rr">Ni</item>
    <item name="nj" next="ik">nj</item>
    <item name="nk" next="ar">nk</item>
    <item name="nk" next="at">nk</item>
    <item name="nn" next="ar">nn</item>
    <item name="ns">ns</item>
    <item name="ns" weight="2" next="a ">ns</item>
    <item name="nt" next="i ">nt</item>
    <item name="nt" next="ar">nt</item>
    <item name="nu" next="ma">nu</item>
    <item name="nu" weight="2">nu</item>
    <item name="ny" weight="3" next="ak">ny</item>
    <item name="ny">ny</item>
    <item name="ny" next="u ">ny</item>
    <item name="od" next="a ">od</item>
    <item name="od" weight="2" next="ha">od</item>
    <item name="ok" next="it">ok</item>
    <item name="ot" next="tu">ot</item>
    <item name="pa" next="ks">pa</item>
    <item name="pa" next="ti">pa</item>
    <item name="pa" weight="2" next="la">pa</item>
    <item name="pa" next="th">pa</item>
    <item name="pa" next="ka">pa</item>
    <item name="Pa" weight="2" next="nc">Pa</item>
    <item name="Pa" next="rv">Pa</item>
    <item name="Pa" next="rj">Pa</item>
    <item name="Pa" weight="2" next="nd">Pa</item>
    <item name="Pa" next="ra">Pa</item>
    <item name="Pa" next="nj">Pa</item>
    <item name="Pa" next="ng">Pa</item>
    <item name="Pi" next="sa">Pi</item>
    <item name="pp" weight="2" next="an">pp</item>
    <item name="Pr" next="iv">Pr</item>
    <item name="Pr" next="is">Pr</item>
    <item name="Pr" next="th">Pr</item>
    <item name="Pr" weight="2" next="aj">Pr</item>
    <item name="Pr" next="ah">Pr</item>
    <item name="pt" next="ar">pt</item>
    <item name="pt" next="a ">pt</item>
    <item name="pu" weight="2" next="ru">pu</item>
    <item name="pu" next="rn">pu</item>
    <item name="pu">pu</item>
    <item name="Pu" next="ta">Pu</item>
    <item name="Pu" next="ru">Pu</item>
    <item name="Pu" weight="3" next="la">Pu</item>
    <item name="Pu" weight="2" next="sh">Pu</item>
    <item name="r ">r </item>
    <item name="ra" next="ka">ra</item>
    <item name="ra" next="bh">ra</item>
    <item name="ra" next="ha">ra</item>
    <item name="ra" next="sv">ra</item>
    <item name="ra" next="sw">ra</item>
    <item name="ra" next="j ">ra</item>
    <item name="ra" next="se">ra</item>
    <item name="ra">ra</item>
    <item name="ra" weight="2" next="s ">ra</item>
    <item name="ra" weight="4" next="ny">ra</item>
    <item name="ra" next="ma">ra</item>
    <item name="ra" next="gp">ra</item>
    <item name="ra" next="mu">ra</item>
    <item name="ra" weight="2" next="sh">ra</item>
    <item name="ra" next="pp">ra</item>
    <item name="ra" next="sa">ra</item>
    <item name="ra" next="da">ra</item>
    <item name="ra" weight="14">ra</item>
    <item name="ra" weight="3" next="si">ra</item>
    <item name="Ra" next="va">Ra</item>
    <item name="Ra" next="tr">Ra</item>
    <item name="Ra" next="ma">Ra</item>
    <item name="Ra" next="ks">Ra</item>
    <item name="Ra" next="hu">Ra</item>
    <item name="Ra" next="ti">Ra</item>
    <item name="re" weight="2" next="ya">re</item>
    <item name="rg" next="a ">rg</item>
    <item name="rg" next="ha">rg</item>
    <item name="Rh" next="ib">Rh</item>
    <item name="ri" weight="6">ri</item>
    <item name="ri" weight="2" next="ch">ri</item>
    <item name="ri" weight="2" next="ti">ri</item>
    <item name="ri" next="ha">ri</item>
    <item name="ri" next="vi">ri</item>
    <item name="ri" weight="2" next="sh">ri</item>
    <item name="ri" weight="2" next="ta">ri</item>
    <item name="Ri" next="bh">Ri</item>
    <item name="Ri" weight="4" next="sh">Ri</item>
    <item name="rj" next="an">rj</item>
    <item name="rm" next="an">rm</item>
    <item name="rm" next="a ">rm</item>
    <item name="rn" weight="2" next="a ">rn</item>
    <item name="rn" next="i ">rn</item>
    <item name="Ro" next="hi">Ro</item>
    <item name="rr" weight="3" next="it">rr</item>
    <item name="rr" next="aw">rr</item>
    <item name="Rs" next="hi">Rs</item>
    <item name="rt" next="ti">rt</item>
    <item name="rt" weight="2" next="ha">rt</item>
    <item name="rt" next="a ">rt</item>
    <item name="ru" next="da">ru</item>
    <item name="ru" next="pa">ru</item>
    <item name="ru" weight="2" next="sa">ru</item>
    <item name="ru" next="ts">ru</item>
    <item name="ru" next="ka">ru</item>
    <item name="ru" weight="3">ru</item>
    <item name="ru" next="sh">ru</item>
    <item name="ru" next="va">ru</item>
    <item name="ru" next="na">ru</item>
    <item name="ru" next="ni">ru</item>
    <item name="ru" weight="2" next="gh">ru</item>
    <item name="Ru" next="km">Ru</item>
    <item name="Ru" weight="3" next="dr">Ru</item>
    <item name="rv" next="as">rv</item>
    <item name="rv" next="at">rv</item>
    <item name="rv" next="an">rv</item>
    <item name="ry" next="a ">ry</item>
    <item name="ry" next="od">ry</item>
    <item name="s " weight="26">s </item>
    <item name="sa" next="ka">sa</item>
    <item name="sa" weight="2" next="s ">sa</item>
    <item name="sa" next="la">sa</item>
    <item name="sa" next="t ">sa</item>
    <item name="sa" next="ra">sa</item>
    <item name="sa" weight="5">sa</item>
    <item name="Sa" weight="2" next="pt">Sa</item>
    <item name="Sa" next="ga">Sa</item>
    <item name="Sa" next="ha">Sa</item>
    <item name="Sa" next="ti">Sa</item>
    <item name="Sa" next="vi">Sa</item>
    <item name="Sa" weight="2" next="la">Sa</item>
    <item name="Sa" next="mb">Sa</item>
    <item name="Sa" next="dh">Sa</item>
    <item name="Sa" weight="3" next="ra">Sa</item>
    <item name="Sa" weight="2" next="kt">Sa</item>
    <item name="se" next="na">se</item>
    <item name="sh" weight="5" next="i ">sh</item>
    <item name="sh" next="tr">sh</item>
    <item name="sh" weight="4" next="a ">sh</item>
    <item name="sh" weight="2" next="an">sh</item>
    <item name="sh">sh</item>
    <item name="sh" next="th">sh</item>
    <item name="sh" next="pa">sh</item>
    <item name="sh" next="ur">sh</item>
    <item name="sh" next="as">sh</item>
    <item name="sh" weight="2" next="od">sh</item>
    <item name="sh" next="wa">sh</item>
    <item name="sh" weight="2" next="va">sh</item>
    <item name="sh" next="nu">sh</item>
    <item name="sh" weight="4" next="is">sh</item>
    <item name="Sh" weight="2" next="ak">Sh</item>
    <item name="Sh" next="as">Sh</item>
    <item name="Sh" weight="2" next="at">Sh</item>
    <item name="Sh" next="es">Sh</item>
    <item name="Sh" next="iv">Sh</item>
    <item name="Sh" next="it">Sh</item>
    <item name="Sh" next="ri">Sh</item>
    <item name="si" next="sh">si</item>
    <item name="si" next="mh">si</item>
    <item name="si" next="ng">si</item>
    <item name="si" next="st">si</item>
    <item name="si" next="nh">si</item>
    <item name="Si" weight="2" next="dd">Si</item>
    <item name="Si" next="ta">Si</item>
    <item name="Si" next="su">Si</item>
    <item name="Sk" next="an">Sk</item>
    <item name="so" next="da">so</item>
    <item name="So" next="ma">So</item>
    <item name="Sr" next="i ">Sr</item>
    <item name="st" next="ne">st</item>
    <item name="st" next="ar">st</item>
    <item name="st" next="ak">st</item>
    <item name="st" next="ja">st</item>
    <item name="st" next="ya">st</item>
    <item name="st" next="ha">st</item>
    <item name="su" next="ra">su</item>
    <item name="su" next="s ">su</item>
    <item name="su" next="pa">su</item>
    <item name="su" next="ki">su</item>
    <item name="su" weight="2" next="de">su</item>
    <item name="Su" next="ry">Su</item>
    <item name="Su" next="ra">Su</item>
    <item name="Su" next="gr">Su</item>
    <item name="Su" next="me">Su</item>
    <item name="Su" next="mi">Su</item>
    <item name="sv" next="at">sv</item>
    <item name="sw" next="at">sw</item>
    <item name="sy" next="ap">sy</item>
    <item name="t " weight="2">t </item>
    <item name="ta" next="ra">ta</item>
    <item name="ta" next="r ">ta</item>
    <item name="ta" next="ka">ta</item>
    <item name="ta" next="yu">ta</item>
    <item name="ta" weight="6">ta</item>
    <item name="ta" next="s ">ta</item>
    <item name="ta" next="na">ta</item>
    <item name="ta" next="vu">ta</item>
    <item name="ta" next="ny">ta</item>
    <item name="Ta" next="st">Ta</item>
    <item name="Ta" weight="2" next="ra">Ta</item>
    <item name="Ta" next="ta">Ta</item>
    <item name="th" weight="2" next="i ">th</item>
    <item name="th" weight="2" next="a ">th</item>
    <item name="th" next="am">th</item>
    <item name="th" next="iv">th</item>
    <item name="Th" next="at">Th</item>
    <item name="ti" next="ki">ti</item>
    <item name="ti" next="sa">ti</item>
    <item name="ti" weight="8">ti</item>
    <item name="ti" next="re">ti</item>
    <item name="Ti" next="rt">Ti</item>
    <item name="tr" weight="2" next="i ">tr</item>
    <item name="tr" weight="6" next="a ">tr</item>
    <item name="Tr" next="im">Tr</item>
    <item name="Tr" next="in">Tr</item>
    <item name="Tr" next="is">Tr</item>
    <item name="ts">ts</item>
    <item name="ts" next="ya">ts</item>
    <item name="tt" next="a ">tt</item>
    <item name="tu">tu</item>
    <item name="tu" next="ki">tu</item>
    <item name="tv" next="as">tv</item>
    <item name="tv" next="a ">tv</item>
    <item name="Tv" weight="2" next="as">Tv</item>
    <item name="ty" next="ar">ty</item>
    <item name="ty" next="a ">ty</item>
    <item name="u " weight="7">u </item>
    <item name="Ug" next="ra">Ug</item>
    <item name="um" next="at">um</item>
    <item name="Um" next="a ">Um</item>
    <item name="un" next="dh">un</item>
    <item name="un" next="da">un</item>
    <item name="un" next="a ">un</item>
    <item name="Up" next="an">Up</item>
    <item name="ur" next="i ">ur</item>
    <item name="ur" next="am">ur</item>
    <item name="ur" next="av">ur</item>
    <item name="ur" next="us">ur</item>
    <item name="ur" next="ti">ur</item>
    <item name="ur" next="ad">ur</item>
    <item name="ur" next="as">ur</item>
    <item name="Ur" next="va">Ur</item>
    <item name="us" next="al">us</item>
    <item name="us" next="hi">us</item>
    <item name="us" next="as">us</item>
    <item name="us" weight="2">us</item>
    <item name="Us" next="ha">Us</item>
    <item name="ut" weight="4" next="am">ut</item>
    <item name="ut" weight="2" next="as">ut</item>
    <item name="ut">ut</item>
    <item name="va" next="mi">va</item>
    <item name="va" next="sa">va</item>
    <item name="va" next="ra">va</item>
    <item name="va" next="na">va</item>
    <item name="va" weight="3" next="s ">va</item>
    <item name="va" next="ru">va</item>
    <item name="va" next="ka">va</item>
    <item name="va" next="ki">va</item>
    <item name="va" next="sh">va</item>
    <item name="va" next="da">va</item>
    <item name="va" weight="3">va</item>
    <item name="va" next="nt">va</item>
    <item name="va" next="t ">va</item>
    <item name="va" next="ta">va</item>
    <item name="Va" next="yu">Va</item>
    <item name="Va" next="ch">Va</item>
    <item name="Va" next="jr">Va</item>
    <item name="Va" next="li">Va</item>
    <item name="Va" next="na">Va</item>
    <item name="Va" next="ra">Va</item>
    <item name="Va" weight="2" next="ru">Va</item>
    <item name="Va" weight="2" next="sh">Va</item>
    <item name="Va" next="ma">Va</item>
    <item name="Va" weight="2" next="si">Va</item>
    <item name="Va" weight="4" next="su">Va</item>
    <item name="Ve" next="nk">Ve</item>
    <item name="Ve" next="da">Ve</item>
    <item name="vi" next="s ">vi</item>
    <item name="vi">vi</item>
    <item name="vi" next="ns">vi</item>
    <item name="vi" next="th">vi</item>
    <item name="vi" next="tr">vi</item>
    <item name="Vi" next="na">Vi</item>
    <item name="Vi" weight="4" next="sh">Vi</item>
    <item name="Vi" next="bi">Vi</item>
    <item name="Vi" next="tr">Vi</item>
    <item name="Vi" next="va">Vi</item>
    <item name="Vi" next="ru">Vi</item>
    <item name="Vi" next="ra">Vi</item>
    <item name="Vr" next="it">Vr</item>
    <item name="vu" weight="2" next="l ">vu</item>
    <item name="wa" next="ri">wa</item>
    <item name="wa" next="mi">wa</item>
    <item name="ya" next="mu">ya</item>
    <item name="ya" weight="3" next="s ">ya</item>
    <item name="ya" next="ma">ya</item>
    <item name="ya" next="pp">ya</item>
    <item name="ya" next="ni">ya</item>
    <item name="ya" next="gr">ya</item>
    <item name="ya" weight="7">ya</item>
    <item name="Ya" next="mu">Ya</item>
    <item name="Ya" weight="3" next="sh">Ya</item>
    <item name="Ya" next="ks">Ya</item>
    <item name="Ya" next="so">Ya</item>
    <item name="Ya" next="b ">Ya</item>
    <item name="Ya" next="ma">Ya</item>
    <item name="yi" next="ka">yi</item>
    <item name="ym" next="an">ym</item>
    <item name="yu" weight="2">yu</item>
    <item name="Yu" next="m ">Yu</item>
    <item name="Yu" next="dh">Yu</item>
  </items>
  <imports />
</Grammar>