<?xml version="1.0"?>
<Grammar xmlns:xsd="http://www.w3.org/2001/XMLSchema" xmlns:xsi="http://www.w3.org/2001/XMLSchema-instance" xsi:type="AssignmentGrammar">
  <name>Baltic Deity Name</name>
  <author>Lance Boudreaux</author>
  <description>Generates a deity name with a Baltic theme.</description>
  <tags>
    <tag>Name</tag>
    <tag>Deity</tag>
  </tags>
  <parameters />
  <supportsMaxLength>true</supportsMaxLength>
  <items>
    <item name="Start">[Ai]</item>
    <item name="Start" weight="3">[Ve]</item>
    <item name="Start" weight="2">[Li]</item>
    <item name="Start" weight="4">[Ce]</item>
    <item name="Start">[Lo]</item>
    <item name="Start">[Bu]</item>
    <item name="Start" weight="2">[Ma]</item>
    <item name="Start" weight="7">[La]</item>
    <item name="Start">[Ba]</item>
    <item name="Start">[Mi]</item>
    <item name="Start">[Mo]</item>
    <item name="Start">[Ni]</item>
    <item name="Start">[Nu]</item>
    <item name="Start">[Pa]</item>
    <item name="Start" weight="5">[Pe]</item>
    <item name="Start" weight="2">[Ze]</item>
    <item name="Start" weight="3">[Va]</item>
    <item name="Start">[Ku]</item>
    <item name="Start">[Is]</item>
    <item name="Start" weight="3">[Gr]</item>
    <item name="Start" weight="6">[Ga]</item>
    <item name="Start" weight="3">[]</item>
    <item name="Start">[Gy]</item>
    <item name="Start">[In]</item>
    <item name="Start" weight="2">[Eg]</item>
    <item name="Start" weight="2">[De]</item>
    <item name="Start" weight="4">[Ju]</item>
    <item name="Start" weight="2">[Ke]</item>
    <item name="Start">[Ko]</item>
    <item name="Start" weight="5">[Di]</item>
    <item name="Start">[Za]</item>
    <item name="Start" weight="3">[Kr]</item>
    <item name="Start" weight="2">[Us]</item>
    <item name="Start" weight="6">[Ka]</item>
    <item name="Start" weight="5">[Pi]</item>
    <item name="Start" weight="11">[Me]</item>
    <item name="Start" weight="2">[Gi]</item>
    <item name="Start" weight="3">[Pu]</item>
    <item name="Start" weight="6">[Ra]</item>
    <item name="Start">[Ru]</item>
    <item name="Start" weight="9">[Au]</item>
    <item name="Start" weight="2">[Sa]</item>
    <item name="Start" weight="2">[Zv]</item>
    <item name="Start" weight="2">[Si]</item>
    <item name="Start" weight="2">[Pr]</item>
    <item name="Start" weight="4">[As]</item>
    <item name="Start">[Po]</item>
    <item name="Start" weight="2">[Te]</item>
    <item name="Start">[Al]</item>
    <item name=" M" next="ot"> M</item>
    <item name=" V" next="ir"> V</item>
    <item name="a " weight="17">a </item>
    <item name="a " next="Ma">a </item>
    <item name="aa" next="mz">aa</item>
    <item name="ai" next="zd">ai</item>
    <item name="ai" weight="3" next="ti">ai</item>
    <item name="ai" next="s ">ai</item>
    <item name="ai" weight="2">ai</item>
    <item name="Ai" next="tv">Ai</item>
    <item name="aj" next="a ">aj</item>
    <item name="Al" next="ka">Al</item>
    <item name="am" next="at">am</item>
    <item name="an" next="a ">an</item>
    <item name="ar" next="a ">ar</item>
    <item name="ar" next="is">ar</item>
    <item name="ar" next="ch">ar</item>
    <item name="ar" next="as">ar</item>
    <item name="as" weight="10">as</item>
    <item name="As" next="pe">As</item>
    <item name="As" weight="3" next="vi">As</item>
    <item name="at" weight="2">at</item>
    <item name="at" next="is">at</item>
    <item name="at" next="a ">at</item>
    <item name="au" next="ts">au</item>
    <item name="au" weight="2" next="du">au</item>
    <item name="au" weight="2" next="ja">au</item>
    <item name="au" next="ji">au</item>
    <item name="Au" weight="2" next="se">Au</item>
    <item name="Au" next="ss">Au</item>
    <item name="Au" weight="2" next="st">Au</item>
    <item name="Au" next="sc">Au</item>
    <item name="Au" next="sr">Au</item>
    <item name="Au" weight="2" next="tr">Au</item>
    <item name="Au" next="sa">Au</item>
    <item name="av" next="el">av</item>
    <item name="ba">ba</item>
    <item name="Ba" next="ng">Ba</item>
    <item name="bi" next="ja">bi</item>
    <item name="bi" next="et">bi</item>
    <item name="bi" next="la">bi</item>
    <item name="bj" weight="3" next="au">bj</item>
    <item name="Bo" next="ba">Bo</item>
    <item name="Bu" next="bi">Bu</item>
    <item name="Ce" weight="2" next="rk">Ce</item>
    <item name="Ce" next="ro">Ce</item>
    <item name="Ce" next="re">Ce</item>
    <item name="ch" weight="2" next="in">ch</item>
    <item name="ch" next="is">ch</item>
    <item name="ch" next="au">ch</item>
    <item name="ci" weight="3" next="ng">ci</item>
    <item name="ck" next="ol">ck</item>
    <item name="co" next="ll">co</item>
    <item name="de" next="in">de</item>
    <item name="De" next="yw">De</item>
    <item name="De" next="iv">De</item>
    <item name="Di" next="vi">Di</item>
    <item name="Di" weight="2" next="ms">Di</item>
    <item name="Di" weight="3" next="ev">Di</item>
    <item name="dr" next="aj">dr</item>
    <item name="du" next="s ">du</item>
    <item name="du" next="se">du</item>
    <item name="dz" weight="2" next="io">dz</item>
    <item name="e " weight="10">e </item>
    <item name="Eg" weight="2" next="le">Eg</item>
    <item name="ei" next="n ">ei</item>
    <item name="ej" next="a ">ej</item>
    <item name="ek" next="li">ek</item>
    <item name="el" weight="2" next="is">el</item>
    <item name="el" next="ai">el</item>
    <item name="em" next="at">em</item>
    <item name="em" next="ar">em</item>
    <item name="en" next="ia">en</item>
    <item name="en" next="a ">en</item>
    <item name="en" weight="2" next="e ">en</item>
    <item name="er" next="in">er</item>
    <item name="es">es</item>
    <item name="es" next="s ">es</item>
    <item name="et" next="yn">et</item>
    <item name="et" next="a ">et</item>
    <item name="ev" next="s ">ev</item>
    <item name="ev" weight="2" next="as">ev</item>
    <item name="ez">ez</item>
    <item name="g " weight="3">g </item>
    <item name="ga" next="nt">ga</item>
    <item name="ga" next="na">ga</item>
    <item name="Ga" weight="3" next="bj">Ga</item>
    <item name="Ga" next="ni">Ga</item>
    <item name="Ga" weight="2" next="bi">Ga</item>
    <item name="gi" next="u ">gi</item>
    <item name="Gi" next="ra">Gi</item>
    <item name="Gi" next="lt">Gi</item>
    <item name="Gr" weight="2" next="au">Gr</item>
    <item name="Gr" next="ek">Gr</item>
    <item name="gu" weight="2" next="ti">gu</item>
    <item name="Gy" next="va">Gy</item>
    <item name="ha" next="ut">ha</item>
    <item name="he" next="l ">he</item>
    <item name="hn" next="es">hn</item>
    <item name="i ">i </item>
    <item name="ia" next="i ">ia</item>
    <item name="ia" next="s ">ia</item>
    <item name="id" next="en">id</item>
    <item name="id" next="ei">id</item>
    <item name="ik" next="is">ik</item>
    <item name="im" next="e ">im</item>
    <item name="im" next="po">im</item>
    <item name="im" weight="2" next="pa">im</item>
    <item name="im" next="a ">im</item>
    <item name="in" weight="2" next="a ">in</item>
    <item name="in" weight="3" next="g ">in</item>
    <item name="in" weight="5" next="e ">in</item>
    <item name="in" next="s ">in</item>
    <item name="In" next="dr">In</item>
    <item name="io" next="ji">io</item>
    <item name="io" next="jn">io</item>
    <item name="ip" next="ar">ip</item>
    <item name="ir" next="ar">ir</item>
    <item name="ir" next="s ">ir</item>
    <item name="is" weight="21">is</item>
    <item name="Is" next="ch">Is</item>
    <item name="it" weight="2" next="is">it</item>
    <item name="iu" next="s ">iu</item>
    <item name="iv" next="a ">iv</item>
    <item name="iv" next="as">iv</item>
    <item name="iz" next="ga">iz</item>
    <item name="ja" next=" M">ja</item>
    <item name="ja" next="s ">ja</item>
    <item name="ja" weight="2">ja</item>
    <item name="je" next="ma">je</item>
    <item name="ji" next="s ">ji</item>
    <item name="ji" next="ma">ji</item>
    <item name="jn" next="a ">jn</item>
    <item name="jo" next="le">jo</item>
    <item name="Ju" weight="3" next="ra">Ju</item>
    <item name="Ju" next="nd">Ju</item>
    <item name="ka">ka</item>
    <item name="Ka" next="ur">Ka</item>
    <item name="Ka" weight="2" next="uk">Ka</item>
    <item name="Ka" weight="2" next="lv">Ka</item>
    <item name="Ka" next="up">Ka</item>
    <item name="Ke" weight="2" next="li">Ke</item>
    <item name="kl" weight="4" next="is">kl</item>
    <item name="kl" next="in">kl</item>
    <item name="Ko" next="va">Ko</item>
    <item name="Kr" weight="2" next="em">Kr</item>
    <item name="Kr" next="um">Kr</item>
    <item name="ks">ks</item>
    <item name="ku" next="ol">ku</item>
    <item name="Ku" next="po">Ku</item>
    <item name="l ">l </item>
    <item name="la" next="s ">la</item>
    <item name="La" weight="2" next="im">La</item>
    <item name="La" weight="2" next="um">La</item>
    <item name="La" weight="2" next="uk">La</item>
    <item name="La" next="zd">La</item>
    <item name="ld" next="a ">ld</item>
    <item name="le" next="ve">le</item>
    <item name="le">le</item>
    <item name="le" weight="3">le</item>
    <item name="le" next="ni">le</item>
    <item name="li" next="ni">li</item>
    <item name="li" next="u ">li</item>
    <item name="li" weight="3" next="s ">li</item>
    <item name="li" next="uk">li</item>
    <item name="li" next="uo">li</item>
    <item name="li" weight="3" next="ci">li</item>
    <item name="li" next="av">li</item>
    <item name="Li" next="el">Li</item>
    <item name="Li" next="nk">Li</item>
    <item name="ll" next="os">ll</item>
    <item name="ln" next="ia">ln</item>
    <item name="ln" next="yt">ln</item>
    <item name="Lo" next="pe">Lo</item>
    <item name="lt" next="in">lt</item>
    <item name="lt" next="ys">lt</item>
    <item name="lv" next="ai">lv</item>
    <item name="lv" next="yt">lv</item>
    <item name="lv" next="el">lv</item>
    <item name="ma">ma</item>
    <item name="ma" next="ne">ma</item>
    <item name="ma">ma</item>
    <item name="ma" next="t ">ma</item>
    <item name="Ma" next="rs">Ma</item>
    <item name="Ma" next="te">Ma</item>
    <item name="Ma" next="ra">Ma</item>
    <item name="me" weight="2" next="pa">me</item>
    <item name="Me" weight="2" next="id">Me</item>
    <item name="Me" weight="2" next="nu">Me</item>
    <item name="Me" next="ne">Me</item>
    <item name="Me" weight="2" next="za">Me</item>
    <item name="Me" weight="2" next="dz">Me</item>
    <item name="Me" next="de">Me</item>
    <item name="Me" next="hn">Me</item>
    <item name="Mi" next="ld">Mi</item>
    <item name="Mo" next="sc">Mo</item>
    <item name="ms" next="te">ms</item>
    <item name="ms" next="ti">ms</item>
    <item name="my" next="na">my</item>
    <item name="mz" next="iu">mz</item>
    <item name="n ">n </item>
    <item name="na" weight="4">na</item>
    <item name="nd" next="a ">nd</item>
    <item name="ne" next="ss">ne</item>
    <item name="ne" next="li">ne</item>
    <item name="ng" next="pu">ng</item>
    <item name="ng" weight="3">ng</item>
    <item name="ni" next="ez">ni</item>
    <item name="ni" next="ai">ni</item>
    <item name="ni" next="e ">ni</item>
    <item name="ni" next="a ">ni</item>
    <item name="ni" next="kl">ni</item>
    <item name="Ni" next="jo">Ni</item>
    <item name="nk" next="sm">nk</item>
    <item name="nt" next="as">nt</item>
    <item name="nu" next="o ">nu</item>
    <item name="nu" next="li">nu</item>
    <item name="Nu" next="je">Nu</item>
    <item name="o ">o </item>
    <item name="o " next="Ze">o </item>
    <item name="ol" next="s ">ol</item>
    <item name="ol" weight="2" next="is">ol</item>
    <item name="on" next="a ">on</item>
    <item name="on" next="is">on</item>
    <item name="or" next="un">or</item>
    <item name="os">os</item>
    <item name="ot" next="in">ot</item>
    <item name="pa" weight="2" next="ti">pa</item>
    <item name="pa" next="tu">pa</item>
    <item name="pa" weight="3" next="s ">pa</item>
    <item name="Pa" next="tr">Pa</item>
    <item name="pe" next="ma">pe</item>
    <item name="pe" next="le">pe</item>
    <item name="Pe" next="ck">Pe</item>
    <item name="Pe" weight="4" next="rk">Pe</item>
    <item name="Pi" next="ln">Pi</item>
    <item name="Pi" next="ku">Pi</item>
    <item name="Pi" next="en">Pi</item>
    <item name="Pi" next="co">Pi</item>
    <item name="Pi" next="lv">Pi</item>
    <item name="po">po</item>
    <item name="po" next="le">po</item>
    <item name="Po" next="tr">Po</item>
    <item name="Pr" next="aa">Pr</item>
    <item name="Pr" next="ip">Pr</item>
    <item name="pu" next="ty">pu</item>
    <item name="Pu" weight="2" next="sk">Pu</item>
    <item name="Pu" next="sa">Pu</item>
    <item name="ra" next="it">ra</item>
    <item name="ra" next="sm">ra</item>
    <item name="ra" next="te">ra</item>
    <item name="ra" next="ta">ra</item>
    <item name="ra">ra</item>
    <item name="Ra" next="sa">Ra</item>
    <item name="Ra" weight="2" next="ug">Ra</item>
    <item name="Ra" weight="2" next="gu">Ra</item>
    <item name="Ra" next="ga">Ra</item>
    <item name="re" next="kl">re</item>
    <item name="rg" next="is">rg</item>
    <item name="ri" next="ks">ri</item>
    <item name="rk" weight="2" next="li">rk</item>
    <item name="rk" next="an">rk</item>
    <item name="rk" weight="2" next="un">rk</item>
    <item name="rk" next="on">rk</item>
    <item name="ro" next="kl">ro</item>
    <item name="rs">rs</item>
    <item name="rs" next="a ">rs</item>
    <item name="ru" next="na">ru</item>
    <item name="Ru" next="gi">Ru</item>
    <item name="s " weight="27">s </item>
    <item name="s " next="Au">s </item>
    <item name="sa" next="it">sa</item>
    <item name="sa" next="rg">sa</item>
    <item name="sa">sa</item>
    <item name="sa" next="ut">sa</item>
    <item name="Sa" next="ul">Sa</item>
    <item name="Sa" next="ma">Sa</item>
    <item name="sc" next="ha">sc</item>
    <item name="sc" next="he">sc</item>
    <item name="se" weight="2" next="kl">se</item>
    <item name="se">se</item>
    <item name="Si" next="et">Si</item>
    <item name="Si" next="li">Si</item>
    <item name="sk" weight="2" next="ai">sk</item>
    <item name="sm" next="at">sm</item>
    <item name="sm" next="in">sm</item>
    <item name="sr" next="in">sr</item>
    <item name="ss" next="ch">ss</item>
    <item name="ss">ss</item>
    <item name="st" next="er">st</item>
    <item name="st" next="ej">st</item>
    <item name="t ">t </item>
    <item name="ta">ta</item>
    <item name="te">te</item>
    <item name="te" weight="3">te</item>
    <item name="Te" next="li">Te</item>
    <item name="Te" next="le">Te</item>
    <item name="ti" next="en">ti</item>
    <item name="ti" next="pa">ti</item>
    <item name="ti" weight="6" next="s ">ti</item>
    <item name="tr" weight="3" next="im">tr</item>
    <item name="tr" next="ym">tr</item>
    <item name="ts">ts</item>
    <item name="tu" next="s ">tu</item>
    <item name="tv" next="ar">tv</item>
    <item name="ty" next="s ">ty</item>
    <item name="u " next="Bo">u </item>
    <item name="u " next="Di">u </item>
    <item name="ug" next="up">ug</item>
    <item name="ug" next="o ">ug</item>
    <item name="uk" next="ai">uk</item>
    <item name="uk" next="as">uk</item>
    <item name="uk" next="sa">uk</item>
    <item name="uk" next="am">uk</item>
    <item name="uk" next="is">uk</item>
    <item name="ul" next="e ">ul</item>
    <item name="um" next="as">um</item>
    <item name="um" next="in">um</item>
    <item name="um" next="es">um</item>
    <item name="un" next="a ">un</item>
    <item name="un" next="is">un</item>
    <item name="un" next="as">un</item>
    <item name="uo" next="na">uo</item>
    <item name="up" next="at">up</item>
    <item name="up" next="ol">up</item>
    <item name="ur" next="ir">ur</item>
    <item name="Us" next="ch">Us</item>
    <item name="Us" next="in">Us</item>
    <item name="ut" next="s ">ut</item>
    <item name="ut" next="as">ut</item>
    <item name="va" next="te">va</item>
    <item name="va" next="s ">va</item>
    <item name="Va" next="ru">Va</item>
    <item name="Va" next="iv">Va</item>
    <item name="Va" next="iz">Va</item>
    <item name="ve" next="li">ve</item>
    <item name="Ve" next="ln">Ve</item>
    <item name="Ve" next="li">Ve</item>
    <item name="Ve" next="ja">Ve</item>
    <item name="vi" next="ri">vi</item>
    <item name="vi" next="rs">vi</item>
    <item name="vi" next="en">vi</item>
    <item name="vi" weight="2" next="ni">vi</item>
    <item name="ym" next="pa">ym</item>
    <item name="yn" next="as">yn</item>
    <item name="ys">ys</item>
    <item name="yt" weight="2" next="is">yt</item>
    <item name="yw" next="is">yw</item>
    <item name="za" next=" V">za</item>
    <item name="za" next="vi">za</item>
    <item name="Za" next="lt">Za</item>
    <item name="zd" next="ik">zd</item>
    <item name="zd" next="on">zd</item>
    <item name="Ze" weight="2" next="me">Ze</item>
    <item name="Ze" next="my">Ze</item>
    <item name="Zv" next="or">Zv</item>
    <item name="Zv" next="ai">Zv</item>
  </items>
  <imports />
</Grammar>