<?xml version="1.0"?>
<Grammar xmlns:xsd="http://www.w3.org/2001/XMLSchema" xmlns:xsi="http://www.w3.org/2001/XMLSchema-instance" xsi:type="AssignmentGrammar">
  <name>Voodoo Loa Name</name>
  <author>Lance Boudreaux</author>
  <description>Generates a loa with a Voodoo style name</description>
  <tags>
    <tag>Name</tag>
    <tag>Deity</tag>
  </tags>
  <parameters />
  <supportsMaxLength>false</supportsMaxLength>
  <items>
    <item name="Start" weight="2">[Ad]</item>
    <item name="Start">[Ar]</item>
    <item name="Start" weight="2">[Lo]</item>
    <item name="Start" weight="2">[Li]</item>
    <item name="Start" weight="2">[Du]</item>
    <item name="Start">[As]</item>
    <item name="Start" weight="2">[Le]</item>
    <item name="Start" weight="5">[Er]</item>
    <item name="Start">[Au]</item>
    <item name="Start" weight="2">[Pe]</item>
    <item name="Start">[La]</item>
    <item name="Start" weight="2">[Ez]</item>
    <item name="Start">[Kr]</item>
    <item name="Start" weight="4">[Ay]</item>
    <item name="Start">[Za]</item>
    <item name="Start" weight="2">[Ka]</item>
    <item name="Start">[Gh]</item>
    <item name="Start" weight="2">[Gr]</item>
    <item name="Start">[Je]</item>
    <item name="Start" weight="14">[Ba]</item>
    <item name="Start">[Az]</item>
    <item name="Start">[Ib]</item>
    <item name="Start" weight="4">[Ma]</item>
    <item name="Start">[Ta]</item>
    <item name="Start">[Ra]</item>
    <item name="Start">[Di]</item>
    <item name="Start" weight="5">[So]</item>
    <item name="Start">[Be]</item>
    <item name="Start">[Ob]</item>
    <item name="Start" weight="2">[Bo]</item>
    <item name="Start">[Me]</item>
    <item name="Start" weight="2">[Br]</item>
    <item name="Start">[Wh]</item>
    <item name="Start" weight="3">[Ag]</item>
    <item name="Start">[Ca]</item>
    <item name="Start">[Ti]</item>
    <item name="Start" weight="2">[Ch]</item>
    <item name="Start">[Ci]</item>
    <item name="Start">[Os]</item>
    <item name="Start" weight="3">[Co]</item>
    <item name="Start" weight="4">[Pa]</item>
    <item name="Start">[Ai]</item>
    <item name="Start" weight="5">[Og]</item>
    <item name="Start" weight="2">[Da]</item>
    <item name="Start">[An]</item>
    <item name="Start" weight="8">[Si]</item>
    <item name="Start">[Ol]</item>
    <item name="Start">[Gu]</item>
    <item name=" A" next="qu"> A</item>
    <item name=" B" next="oa"> B</item>
    <item name=" C" next="ro"> C</item>
    <item name=" C" next="ar"> C</item>
    <item name=" D" next="um"> D</item>
    <item name=" E" next="zi"> E</item>
    <item name=" F" next="el"> F</item>
    <item name=" G" next="he"> G</item>
    <item name=" K" next="es"> K</item>
    <item name=" O" next="gu"> O</item>
    <item name=" P" next="ye"> P</item>
    <item name=" P" next="ie"> P</item>
    <item name=" P" next="et"> P</item>
    <item name=" S" next="ir"> S</item>
    <item name=" W" next="ed"> W</item>
    <item name="a-" next="We">a-</item>
    <item name="a-" next="Ch">a-</item>
    <item name="a " weight="12">a </item>
    <item name="ab" next="in">ab</item>
    <item name="ac" next="ca">ac</item>
    <item name="Ad" next="ja">Ad</item>
    <item name="Ad" next="iv">Ad</item>
    <item name="Ag" next="au">Ag</item>
    <item name="Ag" next="we">Ag</item>
    <item name="Ag" next="as">Ag</item>
    <item name="ai" next="sa">ai</item>
    <item name="ai" next="ne">ai</item>
    <item name="Ai" next="za">Ai</item>
    <item name="ak" next="a ">ak</item>
    <item name="al" weight="3" next="la">al</item>
    <item name="al" next="ot">al</item>
    <item name="al" next="e ">al</item>
    <item name="al" next="a ">al</item>
    <item name="am" next="in">am</item>
    <item name="an" weight="2" next="go">an</item>
    <item name="an" weight="2">an</item>
    <item name="an" next=" B">an</item>
    <item name="an" next="de">an</item>
    <item name="an" next=" P">an</item>
    <item name="An" next="pa">An</item>
    <item name="An" next="de">An</item>
    <item name="An" next="ai">An</item>
    <item name="ar" next="a ">ar</item>
    <item name="ar" next="re">ar</item>
    <item name="Ar" next="dr">Ar</item>
    <item name="as" next="su">as</item>
    <item name="As" next="so">As</item>
    <item name="at" next="al">at</item>
    <item name="au">au</item>
    <item name="Au" next="do">Au</item>
    <item name="ay">ay</item>
    <item name="Ay" next="ez">Ay</item>
    <item name="Ay" next="iz">Ay</item>
    <item name="Ay" weight="2" next="id">Ay</item>
    <item name="Az" next="ac">Az</item>
    <item name="-b" next="ak">-b</item>
    <item name="ba" next="la">ba</item>
    <item name="ba" next="da">ba</item>
    <item name="Ba" next="da">Ba</item>
    <item name="Ba" next="de">Ba</item>
    <item name="Ba" weight="2" next="ku">Ba</item>
    <item name="Ba" weight="7" next="ro">Ba</item>
    <item name="Ba" next="mb">Ba</item>
    <item name="Ba" next="ta">Ba</item>
    <item name="Ba" next="tt">Ba</item>
    <item name="Ba" next="ss">Ba</item>
    <item name="Be" next="ni">Be</item>
    <item name="bl" next="am">bl</item>
    <item name="bo" next=" K">bo</item>
    <item name="bo">bo</item>
    <item name="Bo" next="so">Bo</item>
    <item name="Bo" next="ko">Bo</item>
    <item name="Br" weight="2" next="ig">Br</item>
    <item name="Br" next="is">Br</item>
    <item name="Bw" next="a-">Bw</item>
    <item name="ca">ca</item>
    <item name="Ca" next="rr">Ca</item>
    <item name="Ch" weight="2" next="an">Ch</item>
    <item name="Ch" next="al">Ch</item>
    <item name="Ch" next="ec">Ch</item>
    <item name="Ci" next="mi">Ci</item>
    <item name="Ci" next="me">Ci</item>
    <item name="co">co</item>
    <item name="Co" weight="2" next="ng">Co</item>
    <item name="Co" next="ul">Co</item>
    <item name="Cr" next="im">Cr</item>
    <item name="da" weight="2" next="gr">da</item>
    <item name="da" weight="2">da</item>
    <item name="Da" next="mb">Da</item>
    <item name="Da" next="ho">Da</item>
    <item name="Da" weight="2" next="nt">Da</item>
    <item name="dd" next="o ">dd</item>
    <item name="de" next=" E">de</item>
    <item name="de" next="zo">de</item>
    <item name="de" weight="2">de</item>
    <item name="di">di</item>
    <item name="Di" next="nc">Di</item>
    <item name="Dl" next="o ">Dl</item>
    <item name="do" next="wi">do</item>
    <item name="do" weight="2">do</item>
    <item name="dr" next="a ">dr</item>
    <item name="Du" weight="2" next="mb">Du</item>
    <item name="e-" next="Bw">e-</item>
    <item name="e " weight="13">e </item>
    <item name="e " next="Da">e </item>
    <item name="e " weight="2" next="Fr">e </item>
    <item name="e " next="Ja">e </item>
    <item name="ea" next="n-">ea</item>
    <item name="ea" next="u-">ea</item>
    <item name="ea">ea</item>
    <item name="ec" next="h ">ec</item>
    <item name="ed" next="o ">ed</item>
    <item name="ed" next="a ">ed</item>
    <item name="ed" next="e ">ed</item>
    <item name="ee" next="da">ee</item>
    <item name="ef" next="ou">ef</item>
    <item name="el" next="it">el</item>
    <item name="el" weight="2">el</item>
    <item name="en" next="e ">en</item>
    <item name="er" next="ie">er</item>
    <item name="er" weight="2" next="e ">er</item>
    <item name="Er" weight="2" next="us">Er</item>
    <item name="Er" weight="3" next="zu">Er</item>
    <item name="es" next="so">es</item>
    <item name="et" next="ro">et</item>
    <item name="eu" next="vr">eu</item>
    <item name="ez" next="an">ez</item>
    <item name="Ez" weight="2" next="il">Ez</item>
    <item name="fo" next="ur">fo</item>
    <item name="Fr" next="ed">Fr</item>
    <item name="Fr" next="ee">Fr</item>
    <item name="gb" next="o ">gb</item>
    <item name="gb" weight="2" next="a ">gb</item>
    <item name="Gh" next="ed">Gh</item>
    <item name="go" weight="2">go</item>
    <item name="gr" next="i ">gr</item>
    <item name="gr" next="is">gr</item>
    <item name="gr" next="ai">gr</item>
    <item name="Gr" weight="2" next="an">Gr</item>
    <item name="gu" next=" F">gu</item>
    <item name="Gu" next="in">Gu</item>
    <item name="h " next="We">h </item>
    <item name="h " weight="3">h </item>
    <item name="he" next="de">he</item>
    <item name="ho" next="me">ho</item>
    <item name="hu" next="n ">hu</item>
    <item name="i " next="Da">i </item>
    <item name="i " weight="2" next="An">i </item>
    <item name="i " next="Dl">i </item>
    <item name="i " next="Ma">i </item>
    <item name="i " weight="4">i </item>
    <item name="Ib" next="o ">Ib</item>
    <item name="id" next="a-">id</item>
    <item name="id" next="a ">id</item>
    <item name="ie">ie</item>
    <item name="ie" next="rr">ie</item>
    <item name="ig" weight="2" next="it">ig</item>
    <item name="il" weight="2" next="e ">il</item>
    <item name="il" weight="2" next="i ">il</item>
    <item name="im" weight="2" next="in">im</item>
    <item name="in" next="ea">in</item>
    <item name="in" weight="3">in</item>
    <item name="in" next="ay">in</item>
    <item name="in" weight="2" next="el">in</item>
    <item name="ir" next="en">ir</item>
    <item name="is" next="e ">is</item>
    <item name="is">is</item>
    <item name="it" next="e ">it</item>
    <item name="it" next="re">it</item>
    <item name="it" weight="2" next="te">it</item>
    <item name="iv" next="e ">iv</item>
    <item name="ix">ix</item>
    <item name="iz" next="an">iz</item>
    <item name="-j" next="ea">-j</item>
    <item name="ja" next="so">ja</item>
    <item name="Ja" next="n ">Ja</item>
    <item name="Je" next="an">Je</item>
    <item name="ka" weight="2">ka</item>
    <item name="ka" next="ya">ka</item>
    <item name="Ka" weight="3" next="lf">Ka</item>
    <item name="ko" next="r ">ko</item>
    <item name="ko">ko</item>
    <item name="Ko" next="bl">Ko</item>
    <item name="Kr" next="ab">Kr</item>
    <item name="Kr" next="im">Kr</item>
    <item name="ku" weight="2" next="lu">ku</item>
    <item name="kw" next="a ">kw</item>
    <item name="la" next=" W">la</item>
    <item name="la" weight="3" next="h ">la</item>
    <item name="la">la</item>
    <item name="La" next="kw">La</item>
    <item name="La" next=" C">La</item>
    <item name="La" next=" S">La</item>
    <item name="le">le</item>
    <item name="le" next="ss">le</item>
    <item name="Le" next="gb">Le</item>
    <item name="Le" next="le">Le</item>
    <item name="Le" next="mb">Le</item>
    <item name="lf" next="ou">lf</item>
    <item name="lf" weight="2" next="u ">lf</item>
    <item name="li" weight="3" next="e ">li</item>
    <item name="li">li</item>
    <item name="Li" next="ng">Li</item>
    <item name="Li" next="nt">Li</item>
    <item name="Lo" next="co">Lo</item>
    <item name="Lo" next="ko">Lo</item>
    <item name="lu" next="-b">lu</item>
    <item name="lu" next="si">lu</item>
    <item name="lu">lu</item>
    <item name="ma" next="n ">ma</item>
    <item name="Ma" next="it">Ma</item>
    <item name="Ma" next="ri">Ma</item>
    <item name="Ma" next="ma">Ma</item>
    <item name="Ma" next="ka">Ma</item>
    <item name="Ma" next="ra">Ma</item>
    <item name="mb" weight="3" next="al">mb</item>
    <item name="mb" weight="2" next="a ">mb</item>
    <item name="mb" next="e ">mb</item>
    <item name="mb" next="ar">mb</item>
    <item name="mb" weight="5" next="i ">mb</item>
    <item name="md" next="i ">md</item>
    <item name="me" next="di">me</item>
    <item name="me" next="ti">me</item>
    <item name="me" next="y ">me</item>
    <item name="Me" next="t ">Me</item>
    <item name="mi" next="ti">mi</item>
    <item name="n-" next="pe">n-</item>
    <item name="n " weight="2" next="Sa">n </item>
    <item name="n " next="Pe">n </item>
    <item name="n " weight="2" next="La">n </item>
    <item name="n " weight="7">n </item>
    <item name="n " next="Cr">n </item>
    <item name="n " next="Kr">n </item>
    <item name="n " next="Ci">n </item>
    <item name="n " next="Br">n </item>
    <item name="nc" next="lu">nc</item>
    <item name="ne" next="s ">ne</item>
    <item name="ne" next="tt">ne</item>
    <item name="ng" weight="2" next="o ">ng</item>
    <item name="ng" next="le">ng</item>
    <item name="ni" next="n ">ni</item>
    <item name="nn" next="e ">nn</item>
    <item name="nt" next="or">nt</item>
    <item name="nt" next="o ">nt</item>
    <item name="nt" next="ou">nt</item>
    <item name="o " weight="10">o </item>
    <item name="o " next="Le">o </item>
    <item name="o " next="Sa">o </item>
    <item name="oa">oa</item>
    <item name="Ob" next="at">Ob</item>
    <item name="Og" next="ou">Og</item>
    <item name="Og" next="or">Og</item>
    <item name="Og" next="u-">Og</item>
    <item name="Og" weight="2" next="u ">Og</item>
    <item name="oi" next="s-">oi</item>
    <item name="ok" next="un">ok</item>
    <item name="Ol" next="ok">Ol</item>
    <item name="or" next="in">or</item>
    <item name="or">or</item>
    <item name="Os" next="hu">Os</item>
    <item name="ot" next="te">ot</item>
    <item name="ou">ou</item>
    <item name="ou" weight="2" next="r ">ou</item>
    <item name="ou" next="n ">ou</item>
    <item name="pa" next=" G">pa</item>
    <item name="pa" next=" D">pa</item>
    <item name="pa" next=" O">pa</item>
    <item name="pa" next=" A">pa</item>
    <item name="pa" next="ka">pa</item>
    <item name="Pa" weight="4" next="pa">Pa</item>
    <item name="pe" next="tr">pe</item>
    <item name="Pe" weight="2" next="tr">Pe</item>
    <item name="Pe" next="ti">Pe</item>
    <item name="qu" next="a ">qu</item>
    <item name="r " weight="3">r </item>
    <item name="ra" next="sa">ra</item>
    <item name="Ra" next="da">Ra</item>
    <item name="re" next=" C">re</item>
    <item name="re" next="n ">re</item>
    <item name="re" next="fo">re</item>
    <item name="ri" next="ne">ri</item>
    <item name="ro">ro</item>
    <item name="ro" next="ix">ro</item>
    <item name="ro" weight="7" next="n ">ro</item>
    <item name="rr" next="ef">rr</item>
    <item name="rr" next="e ">rr</item>
    <item name="s-" next="gr">s-</item>
    <item name="s ">s </item>
    <item name="sa">sa</item>
    <item name="sa" next=" P">sa</item>
    <item name="Sa" next="me">Sa</item>
    <item name="Sa" next="md">Sa</item>
    <item name="Sa" next="va">Sa</item>
    <item name="si" next="n ">si</item>
    <item name="Si" next="re">Si</item>
    <item name="Si" weight="7" next="mb">Si</item>
    <item name="so" weight="3" next="u ">so</item>
    <item name="so" next="n ">so</item>
    <item name="So" next="yb">So</item>
    <item name="So" weight="2" next="gb">So</item>
    <item name="So" weight="2" next="bo">So</item>
    <item name="ss" next="u ">ss</item>
    <item name="ss" next="in">ss</item>
    <item name="su">su</item>
    <item name="t " next="Ka">t </item>
    <item name="ta" next="la">ta</item>
    <item name="Ta" next="ur">Ta</item>
    <item name="te" weight="3">te</item>
    <item name="te" next=" P">te</item>
    <item name="ti" next="te">ti</item>
    <item name="ti" weight="2" next="er">ti</item>
    <item name="Ti" next="-j">Ti</item>
    <item name="tr" weight="3" next="o ">tr</item>
    <item name="tr" next="oi">tr</item>
    <item name="tt" next="e-">tt</item>
    <item name="tt" next="er">tt</item>
    <item name="u-" next="ba">u-</item>
    <item name="u-" next="tr">u-</item>
    <item name="u " next="Ba">u </item>
    <item name="u " weight="5">u </item>
    <item name="u " next="Ch">u </item>
    <item name="u " next="Ko">u </item>
    <item name="ul" next="eu">ul</item>
    <item name="um" next="ba">um</item>
    <item name="un">un</item>
    <item name="ur" next="ea">ur</item>
    <item name="ur">ur</item>
    <item name="us" weight="2" next="il">us</item>
    <item name="va" next="nn">va</item>
    <item name="vr" next="e ">vr</item>
    <item name="we">we</item>
    <item name="We" next="do">We</item>
    <item name="We" next="dd">We</item>
    <item name="Wh" next="al">Wh</item>
    <item name="wi" next="do">wi</item>
    <item name="y ">y </item>
    <item name="ya">ya</item>
    <item name="yb" next="o ">yb</item>
    <item name="ye">ye</item>
    <item name="za" next="n ">za</item>
    <item name="Za" next="ka">Za</item>
    <item name="zi" next="li">zi</item>
    <item name="zo">zo</item>
    <item name="zu" weight="3" next="li">zu</item>
  </items>
  <imports />
</Grammar>